month,day,hour,WD,WS
1,1,6.0,110.0,1.5
1,1,8.0,130.0,1.5
1,1,10.0,130.0,2.1
1,1,11.0,120.0,2.1
1,1,12.0,130.0,2.1
1,1,13.0,140.0,2.6
1,1,14.0,140.0,2.6
1,1,15.0,100.0,2.6
1,1,16.0,130.0,1.5
1,1,17.0,110.0,2.6
1,1,18.0,120.0,5.1
1,1,19.0,140.0,5.1
1,1,20.0,180.0,3.1
1,1,21.0,230.0,4.1
1,1,22.0,240.0,5.7
1,2,1.0,120.0,1.5
1,2,2.0,130.0,1.5
1,2,3.0,150.0,1.5
1,2,4.0,110.0,2.1
1,2,5.0,130.0,1.5
1,2,6.0,120.0,2.1
1,2,7.0,120.0,2.1
1,2,8.0,100.0,1.5
1,2,9.0,110.0,2.1
1,2,10.0,130.0,2.1
1,2,11.0,150.0,3.6
1,2,12.0,120.0,2.6
1,2,13.0,110.0,2.6
1,2,14.0,110.0,2.1
1,2,15.0,110.0,2.1
1,2,16.0,110.0,2.1
1,2,17.0,130.0,2.6
1,2,18.0,150.0,2.1
1,2,19.0,140.0,2.1
1,2,20.0,130.0,1.5
1,2,21.0,120.0,2.1
1,2,23.0,160.0,1.5
1,3,4.0,10.0,2.1
1,3,21.0,160.0,1.5
1,3,22.0,210.0,2.1
1,4,13.0,40.0,1.5
1,4,18.0,150.0,2.1
1,4,20.0,150.0,2.1
1,5,3.0,10.0,1.5
1,5,4.0,20.0,1.5
1,5,5.0,20.0,1.5
1,5,18.0,160.0,2.6
1,5,19.0,170.0,3.1
1,5,20.0,190.0,2.6
1,5,21.0,210.0,2.6
1,5,22.0,190.0,3.1
1,5,23.0,230.0,3.6
1,6,7.0,70.0,2.1
1,6,8.0,250.0,2.1
1,6,9.0,250.0,3.6
1,6,10.0,240.0,1.5
1,6,12.0,210.0,1.5
1,6,13.0,20.0,1.5
1,6,14.0,30.0,2.1
1,6,15.0,330.0,1.5
1,6,17.0,270.0,2.1
1,6,18.0,270.0,1.5
1,6,19.0,140.0,2.1
1,6,23.0,220.0,3.1
1,7,1.0,240.0,2.6
1,7,2.0,260.0,1.5
1,7,7.0,20.0,1.5
1,7,12.0,280.0,1.5
1,7,18.0,270.0,1.5
1,7,19.0,260.0,2.1
1,7,20.0,140.0,2.1
1,8,3.0,20.0,1.5
1,8,15.0,40.0,1.5
1,8,16.0,300.0,1.5
1,8,18.0,250.0,2.6
1,8,20.0,210.0,2.1
1,8,21.0,230.0,1.5
1,9,8.0,50.0,1.5
1,9,16.0,90.0,2.1
1,9,17.0,270.0,2.1
1,9,18.0,50.0,1.5
1,9,19.0,180.0,2.6
1,9,20.0,220.0,2.1
1,9,21.0,240.0,2.6
1,9,22.0,290.0,3.6
1,9,23.0,280.0,2.6
1,10,2.0,110.0,2.1
1,10,5.0,60.0,1.5
1,10,17.0,160.0,2.1
1,10,18.0,160.0,2.6
1,10,19.0,180.0,2.6
1,10,21.0,130.0,2.1
1,11,2.0,40.0,2.1
1,11,3.0,10.0,1.5
1,11,7.0,40.0,1.5
1,11,8.0,320.0,1.5
1,11,10.0,50.0,1.5
1,11,16.0,130.0,2.1
1,11,17.0,140.0,2.1
1,11,18.0,180.0,2.1
1,11,20.0,300.0,1.5
1,11,21.0,280.0,1.5
1,11,23.0,250.0,3.1
1,12,1.0,250.0,1.5
1,12,3.0,20.0,2.1
1,12,6.0,10.0,2.1
1,12,7.0,10.0,1.5
1,12,8.0,40.0,1.5
1,12,17.0,330.0,2.1
1,12,21.0,160.0,2.6
1,12,22.0,160.0,2.6
1,13,1.0,340.0,1.5
1,13,2.0,350.0,1.5
1,13,3.0,310.0,1.5
1,13,4.0,270.0,2.1
1,13,9.0,70.0,1.5
1,13,10.0,50.0,1.5
1,13,15.0,130.0,1.5
1,13,16.0,210.0,2.1
1,13,19.0,230.0,1.5
1,13,20.0,20.0,2.6
1,13,21.0,20.0,3.1
1,13,22.0,200.0,2.6
1,14,1.0,60.0,1.5
1,14,2.0,80.0,1.5
1,14,3.0,350.0,2.1
1,14,4.0,280.0,2.1
1,14,5.0,30.0,2.6
1,14,8.0,40.0,3.1
1,14,9.0,80.0,3.6
1,14,10.0,70.0,4.1
1,14,11.0,60.0,7.7
1,14,13.0,90.0,4.1
1,14,19.0,120.0,3.6
1,14,20.0,110.0,5.7
1,14,21.0,110.0,3.6
1,14,22.0,200.0,5.7
1,14,23.0,100.0,2.1
1,15,3.0,350.0,2.1
1,15,4.0,320.0,1.5
1,15,5.0,350.0,2.1
1,15,7.0,140.0,1.5
1,15,8.0,200.0,1.5
1,15,14.0,300.0,2.1
1,15,16.0,260.0,3.1
1,15,17.0,240.0,3.1
1,15,19.0,260.0,2.6
1,15,21.0,250.0,3.1
1,15,22.0,250.0,3.6
1,15,23.0,250.0,3.6
1,16,1.0,220.0,1.5
1,16,2.0,230.0,1.5
1,16,6.0,130.0,2.6
1,16,7.0,130.0,1.5
1,16,9.0,120.0,1.5
1,16,12.0,270.0,1.5
1,16,13.0,270.0,1.5
1,16,16.0,180.0,2.6
1,16,17.0,220.0,1.5
1,16,19.0,200.0,1.5
1,16,20.0,250.0,3.1
1,16,22.0,230.0,4.1
1,17,1.0,260.0,1.5
1,17,4.0,30.0,1.5
1,17,5.0,20.0,2.6
1,17,9.0,330.0,1.5
1,17,20.0,260.0,2.1
1,17,23.0,300.0,2.1
1,18,1.0,250.0,1.5
1,18,4.0,60.0,1.5
1,18,6.0,40.0,2.1
1,18,7.0,40.0,1.5
1,18,9.0,40.0,1.5
1,18,10.0,270.0,1.5
1,18,17.0,230.0,1.5
1,18,19.0,190.0,2.1
1,18,20.0,120.0,2.1
1,18,21.0,150.0,2.1
1,18,23.0,140.0,2.6
1,19,4.0,340.0,1.5
1,19,7.0,280.0,1.5
1,19,8.0,40.0,1.5
1,19,14.0,130.0,2.1
1,19,15.0,170.0,1.5
1,19,16.0,120.0,2.1
1,19,17.0,140.0,1.5
1,19,18.0,160.0,3.1
1,19,19.0,150.0,3.1
1,19,20.0,150.0,3.1
1,19,21.0,150.0,3.1
1,19,22.0,140.0,3.1
1,19,23.0,130.0,3.1
1,20,2.0,320.0,1.5
1,20,3.0,10.0,1.5
1,20,4.0,340.0,2.6
1,20,5.0,250.0,2.6
1,20,6.0,40.0,1.5
1,20,14.0,140.0,1.5
1,20,15.0,130.0,1.5
1,20,16.0,130.0,2.6
1,20,17.0,160.0,2.6
1,20,18.0,140.0,2.6
1,20,19.0,130.0,3.1
1,20,21.0,120.0,4.1
1,20,22.0,120.0,2.1
1,21,1.0,120.0,2.6
1,21,2.0,120.0,3.1
1,21,4.0,210.0,2.1
1,21,5.0,170.0,2.6
1,21,6.0,150.0,3.6
1,21,7.0,160.0,4.1
1,21,9.0,250.0,6.7
1,21,10.0,250.0,5.1
1,21,11.0,250.0,4.6
1,21,12.0,260.0,6.2
1,21,13.0,250.0,4.6
1,21,14.0,240.0,5.7
1,21,15.0,230.0,6.2
1,21,16.0,250.0,6.7
1,21,17.0,240.0,5.1
1,21,18.0,240.0,6.7
1,21,19.0,240.0,6.7
1,21,20.0,260.0,5.1
1,21,21.0,240.0,6.7
1,21,22.0,250.0,5.7
1,21,23.0,250.0,5.7
1,22,1.0,260.0,1.5
1,22,6.0,50.0,1.5
1,22,9.0,50.0,1.5
1,22,10.0,240.0,1.5
1,22,17.0,110.0,2.6
1,22,18.0,150.0,2.6
1,22,19.0,150.0,2.6
1,22,20.0,130.0,2.1
1,22,21.0,160.0,2.6
1,22,22.0,120.0,3.6
1,22,23.0,110.0,3.6
1,23,3.0,20.0,1.5
1,23,5.0,320.0,1.5
1,23,6.0,300.0,2.1
1,23,9.0,130.0,2.6
1,23,10.0,200.0,2.1
1,23,11.0,260.0,1.5
1,23,14.0,160.0,2.1
1,23,15.0,150.0,3.1
1,23,16.0,140.0,2.1
1,23,18.0,80.0,2.1
1,23,21.0,350.0,4.1
1,23,22.0,290.0,3.1
1,23,23.0,310.0,2.6
1,24,4.0,280.0,4.6
1,24,6.0,240.0,1.5
1,24,9.0,230.0,2.6
1,24,10.0,220.0,2.1
1,24,11.0,240.0,2.6
1,24,12.0,240.0,2.1
1,24,15.0,110.0,2.1
1,24,16.0,130.0,1.5
1,24,19.0,230.0,1.5
1,24,21.0,240.0,2.1
1,24,22.0,230.0,4.1
1,24,23.0,240.0,4.1
1,25,1.0,260.0,2.1
1,25,9.0,290.0,1.5
1,25,19.0,20.0,1.5
1,25,21.0,320.0,2.6
1,26,1.0,210.0,2.1
1,26,2.0,230.0,2.1
1,26,3.0,270.0,1.5
1,26,4.0,50.0,1.5
1,26,6.0,40.0,1.5
1,26,13.0,50.0,1.5
1,26,17.0,240.0,1.5
1,26,18.0,190.0,2.1
1,26,21.0,230.0,2.1
1,26,23.0,270.0,2.6
1,27,1.0,270.0,1.5
1,27,2.0,290.0,1.5
1,27,5.0,330.0,2.6
1,27,6.0,280.0,2.1
1,27,7.0,340.0,2.1
1,27,8.0,340.0,2.6
1,27,9.0,350.0,2.6
1,27,10.0,330.0,2.6
1,27,12.0,10.0,4.6
1,27,13.0,310.0,2.6
1,27,17.0,20.0,6.2
1,27,18.0,40.0,7.7
1,27,19.0,50.0,10.8
1,27,20.0,50.0,8.2
1,27,21.0,40.0,6.2
1,27,22.0,30.0,4.6
1,27,23.0,50.0,6.7
1,28,1.0,20.0,5.7
1,28,2.0,10.0,4.1
1,28,3.0,30.0,6.2
1,28,4.0,40.0,5.7
1,28,5.0,10.0,6.7
1,28,6.0,40.0,5.1
1,28,7.0,20.0,4.6
1,28,9.0,290.0,2.1
1,28,10.0,350.0,2.1
1,28,11.0,250.0,2.1
1,28,12.0,20.0,3.1
1,28,13.0,100.0,2.6
1,28,17.0,230.0,1.5
1,28,18.0,180.0,2.6
1,28,19.0,220.0,2.6
1,28,22.0,250.0,5.1
1,28,23.0,270.0,3.1
1,29,2.0,310.0,2.1
1,29,4.0,20.0,1.5
1,29,5.0,50.0,1.5
1,29,6.0,210.0,1.5
1,29,9.0,30.0,1.5
1,29,11.0,200.0,3.1
1,29,12.0,320.0,1.5
1,29,14.0,270.0,1.5
1,29,15.0,250.0,1.5
1,29,16.0,190.0,1.5
1,29,17.0,290.0,1.5
1,29,18.0,240.0,2.6
1,29,19.0,120.0,2.1
1,29,20.0,140.0,3.6
1,29,21.0,110.0,3.1
1,29,22.0,100.0,3.1
1,29,23.0,40.0,4.1
1,30,2.0,30.0,1.5
1,30,9.0,300.0,1.5
1,30,12.0,250.0,1.5
1,30,19.0,290.0,2.1
1,30,22.0,140.0,3.1
1,30,23.0,240.0,2.6
1,31,2.0,310.0,1.5
1,31,3.0,360.0,1.5
1,31,21.0,210.0,2.1
2,1,3.0,30.0,2.1
2,1,4.0,20.0,1.5
2,1,5.0,20.0,1.5
2,1,7.0,50.0,1.5
2,1,17.0,240.0,1.5
2,1,19.0,250.0,1.5
2,1,20.0,180.0,1.5
2,1,23.0,180.0,2.1
2,2,3.0,30.0,2.1
2,2,4.0,20.0,1.5
2,2,12.0,60.0,1.5
2,2,13.0,240.0,1.5
2,2,14.0,40.0,1.5
2,2,16.0,300.0,1.5
2,2,20.0,180.0,2.1
2,2,23.0,160.0,2.1
2,3,3.0,30.0,1.5
2,3,4.0,20.0,1.5
2,3,5.0,10.0,1.5
2,3,10.0,40.0,2.1
2,3,18.0,270.0,1.5
2,3,19.0,260.0,2.1
2,3,20.0,260.0,2.6
2,3,21.0,250.0,1.5
2,4,4.0,360.0,2.1
2,4,10.0,40.0,1.5
2,4,22.0,190.0,2.6
2,4,23.0,240.0,2.6
2,5,3.0,30.0,1.5
2,5,4.0,10.0,1.5
2,5,5.0,340.0,1.5
2,5,19.0,200.0,2.6
2,5,23.0,180.0,2.1
2,6,7.0,210.0,2.1
2,6,9.0,160.0,1.5
2,6,17.0,190.0,1.5
2,6,18.0,120.0,1.5
2,6,20.0,230.0,1.5
2,6,23.0,180.0,2.1
2,7,3.0,20.0,1.5
2,7,11.0,150.0,1.5
2,7,12.0,120.0,1.5
2,7,13.0,120.0,1.5
2,7,14.0,210.0,1.5
2,7,15.0,130.0,2.1
2,7,16.0,170.0,2.1
2,7,18.0,110.0,2.1
2,7,19.0,130.0,2.1
2,7,20.0,130.0,2.1
2,7,22.0,130.0,2.6
2,7,23.0,240.0,3.6
2,8,1.0,240.0,2.1
2,8,4.0,40.0,3.6
2,8,5.0,30.0,1.5
2,8,12.0,40.0,1.5
2,8,16.0,230.0,1.5
2,8,18.0,220.0,1.5
2,8,20.0,180.0,2.1
2,8,21.0,270.0,2.1
2,8,22.0,240.0,2.1
2,8,23.0,260.0,2.6
2,9,1.0,270.0,1.5
2,9,3.0,360.0,1.5
2,9,15.0,40.0,1.5
2,9,17.0,190.0,1.5
2,9,19.0,240.0,2.1
2,9,20.0,260.0,2.1
2,10,2.0,310.0,1.5
2,10,3.0,360.0,1.5
2,10,13.0,330.0,1.5
2,10,15.0,60.0,2.1
2,10,16.0,150.0,1.5
2,10,17.0,220.0,2.1
2,10,19.0,170.0,3.1
2,10,20.0,160.0,4.1
2,10,23.0,200.0,1.5
2,11,3.0,10.0,1.5
2,11,14.0,210.0,1.5
2,11,17.0,150.0,2.1
2,11,18.0,200.0,3.1
2,11,19.0,330.0,2.1
2,11,20.0,270.0,3.6
2,11,21.0,240.0,4.1
2,11,22.0,250.0,3.6
2,11,23.0,260.0,3.6
2,12,1.0,300.0,2.6
2,12,2.0,280.0,3.1
2,12,4.0,330.0,1.5
2,12,5.0,330.0,2.1
2,12,9.0,240.0,1.5
2,12,10.0,260.0,2.1
2,12,13.0,340.0,1.5
2,12,15.0,300.0,1.5
2,12,16.0,10.0,2.1
2,12,17.0,350.0,3.6
2,12,18.0,290.0,4.1
2,12,19.0,300.0,3.6
2,12,20.0,320.0,4.1
2,12,21.0,320.0,4.1
2,12,22.0,310.0,3.6
2,12,23.0,300.0,3.6
2,13,1.0,340.0,2.1
2,13,3.0,80.0,5.1
2,13,4.0,70.0,4.1
2,13,5.0,70.0,2.6
2,13,6.0,80.0,2.1
2,13,7.0,90.0,3.1
2,13,8.0,280.0,1.5
2,13,10.0,70.0,2.6
2,13,11.0,50.0,6.7
2,13,12.0,60.0,3.6
2,13,13.0,290.0,1.5
2,13,14.0,90.0,5.1
2,13,15.0,80.0,2.1
2,13,16.0,90.0,1.5
2,13,19.0,130.0,3.6
2,13,22.0,130.0,1.5
2,14,1.0,260.0,2.1
2,14,8.0,30.0,1.5
2,14,12.0,20.0,1.5
2,14,13.0,260.0,1.5
2,14,18.0,150.0,2.6
2,14,22.0,210.0,4.1
2,15,1.0,200.0,1.5
2,15,3.0,90.0,1.5
2,15,4.0,100.0,1.5
2,15,5.0,90.0,3.6
2,15,6.0,90.0,2.6
2,15,7.0,130.0,4.1
2,15,8.0,70.0,3.6
2,15,9.0,100.0,3.6
2,15,10.0,70.0,5.1
2,15,11.0,50.0,3.6
2,15,12.0,70.0,5.1
2,15,13.0,50.0,2.6
2,15,14.0,80.0,2.6
2,15,15.0,40.0,3.6
2,15,16.0,90.0,3.6
2,15,17.0,50.0,5.7
2,15,18.0,100.0,5.7
2,15,19.0,90.0,6.2
2,15,20.0,70.0,7.7
2,15,21.0,70.0,4.1
2,15,22.0,100.0,6.7
2,15,23.0,140.0,4.1
2,16,1.0,110.0,2.1
2,16,4.0,40.0,1.5
2,16,6.0,40.0,2.1
2,16,7.0,280.0,1.5
2,16,11.0,30.0,1.5
2,16,13.0,260.0,1.5
2,16,16.0,150.0,2.1
2,16,19.0,220.0,2.6
2,16,21.0,220.0,2.1
2,17,1.0,230.0,3.1
2,17,6.0,20.0,1.5
2,17,7.0,210.0,1.5
2,17,13.0,120.0,2.1
2,17,14.0,150.0,3.1
2,17,16.0,110.0,2.6
2,17,17.0,140.0,3.6
2,17,18.0,150.0,4.1
2,17,19.0,150.0,3.1
2,17,20.0,140.0,4.6
2,17,21.0,140.0,5.1
2,17,22.0,180.0,5.1
2,17,23.0,160.0,4.1
2,18,1.0,190.0,4.6
2,18,2.0,180.0,2.6
2,18,3.0,140.0,1.5
2,18,4.0,100.0,1.5
2,18,6.0,150.0,2.6
2,18,7.0,120.0,1.5
2,18,9.0,140.0,3.1
2,18,10.0,120.0,2.1
2,18,11.0,160.0,2.1
2,18,14.0,260.0,3.1
2,18,15.0,20.0,4.1
2,18,16.0,340.0,2.6
2,18,17.0,230.0,2.1
2,18,18.0,60.0,4.6
2,18,19.0,150.0,4.1
2,18,20.0,100.0,5.1
2,18,21.0,90.0,4.1
2,18,22.0,170.0,4.6
2,18,23.0,190.0,3.6
2,19,1.0,110.0,4.1
2,19,2.0,120.0,3.1
2,19,3.0,190.0,4.1
2,19,4.0,150.0,4.1
2,19,5.0,130.0,2.6
2,19,6.0,110.0,2.6
2,19,7.0,130.0,2.6
2,19,8.0,120.0,4.1
2,19,9.0,110.0,1.5
2,19,10.0,130.0,2.1
2,19,11.0,110.0,2.6
2,19,12.0,120.0,2.1
2,19,13.0,110.0,2.1
2,19,14.0,140.0,3.6
2,19,15.0,130.0,2.1
2,19,16.0,150.0,3.1
2,19,17.0,140.0,3.1
2,19,18.0,140.0,3.6
2,19,19.0,120.0,2.6
2,19,20.0,100.0,2.1
2,19,21.0,100.0,2.1
2,20,6.0,130.0,1.5
2,20,17.0,170.0,1.5
2,20,18.0,230.0,1.5
2,20,19.0,260.0,1.5
2,20,20.0,180.0,1.5
2,20,22.0,190.0,3.1
2,21,1.0,230.0,2.1
2,21,18.0,250.0,2.1
2,21,20.0,240.0,1.5
2,21,22.0,260.0,3.1
2,22,1.0,250.0,2.1
2,22,18.0,170.0,2.6
2,22,19.0,150.0,3.1
2,22,21.0,200.0,3.1
2,22,23.0,140.0,2.1
2,23,1.0,280.0,1.5
2,23,6.0,210.0,2.1
2,23,7.0,270.0,3.6
2,23,8.0,260.0,4.1
2,23,9.0,240.0,3.1
2,23,10.0,250.0,3.6
2,23,11.0,230.0,2.6
2,23,12.0,230.0,3.1
2,23,13.0,260.0,4.1
2,23,14.0,260.0,3.6
2,23,16.0,240.0,3.1
2,23,18.0,230.0,6.2
2,23,19.0,220.0,4.6
2,23,21.0,240.0,6.2
2,23,22.0,230.0,5.1
2,23,23.0,220.0,5.7
2,24,1.0,250.0,4.6
2,24,2.0,230.0,3.1
2,24,3.0,260.0,3.1
2,24,4.0,260.0,2.6
2,24,5.0,280.0,1.5
2,24,16.0,170.0,1.5
2,24,17.0,150.0,2.6
2,24,19.0,220.0,2.6
2,24,21.0,230.0,3.1
2,24,22.0,220.0,4.6
2,24,23.0,330.0,2.1
2,25,1.0,260.0,2.1
2,25,2.0,240.0,2.1
2,25,3.0,250.0,1.5
2,25,18.0,190.0,2.1
2,25,22.0,240.0,2.6
2,26,1.0,270.0,2.1
2,26,3.0,20.0,1.5
2,26,17.0,180.0,2.1
2,26,19.0,180.0,3.1
2,26,20.0,230.0,3.6
2,26,21.0,190.0,2.6
2,26,22.0,220.0,4.6
2,26,23.0,220.0,4.6
2,27,1.0,240.0,3.6
2,27,2.0,250.0,1.5
2,27,10.0,150.0,1.5
2,27,11.0,130.0,1.5
2,27,14.0,120.0,2.1
2,27,15.0,140.0,2.6
2,27,16.0,130.0,3.6
2,27,17.0,140.0,4.1
2,27,18.0,140.0,3.1
2,27,19.0,160.0,2.6
2,27,20.0,160.0,3.1
2,27,21.0,250.0,1.5
2,27,22.0,360.0,2.6
2,27,23.0,350.0,1.5
2,28,2.0,360.0,2.1
2,28,5.0,50.0,2.1
2,28,7.0,120.0,1.5
2,28,11.0,220.0,1.5
2,28,12.0,240.0,1.5
2,28,15.0,280.0,2.1
2,28,17.0,140.0,2.1
2,28,18.0,180.0,1.5
2,28,20.0,290.0,3.6
2,28,21.0,280.0,3.1
2,28,22.0,260.0,5.1
2,28,23.0,230.0,7.2
3,1,1.0,270.0,2.6
3,1,2.0,240.0,1.5
3,1,3.0,40.0,1.5
3,1,4.0,40.0,1.5
3,1,20.0,120.0,2.6
3,2,1.0,300.0,2.1
3,2,2.0,300.0,1.5
3,2,3.0,20.0,1.5
3,2,4.0,360.0,2.6
3,2,5.0,290.0,2.6
3,2,7.0,320.0,2.1
3,2,8.0,350.0,3.1
3,2,9.0,350.0,2.1
3,2,14.0,280.0,1.5
3,2,16.0,270.0,3.1
3,2,18.0,180.0,2.1
3,2,21.0,50.0,3.6
3,2,22.0,50.0,2.1
3,3,1.0,160.0,2.1
3,3,3.0,30.0,2.1
3,3,4.0,40.0,5.7
3,3,5.0,40.0,5.1
3,3,6.0,40.0,5.7
3,3,7.0,40.0,4.6
3,3,8.0,40.0,2.6
3,3,10.0,320.0,2.1
3,3,16.0,240.0,2.1
3,3,17.0,60.0,2.1
3,3,18.0,90.0,5.1
3,3,19.0,80.0,6.2
3,3,20.0,110.0,4.6
3,3,21.0,110.0,4.6
3,3,22.0,90.0,3.6
3,3,23.0,80.0,4.1
3,4,3.0,110.0,1.5
3,4,6.0,300.0,2.1
3,4,11.0,260.0,1.5
3,4,16.0,160.0,1.5
3,4,17.0,140.0,3.6
3,4,18.0,140.0,2.6
3,4,19.0,140.0,4.1
3,4,20.0,210.0,4.1
3,4,21.0,110.0,2.6
3,4,23.0,270.0,2.6
3,5,1.0,10.0,3.6
3,5,2.0,10.0,2.1
3,5,3.0,360.0,2.1
3,5,11.0,70.0,1.5
3,5,12.0,120.0,1.5
3,5,17.0,140.0,2.1
3,5,18.0,160.0,3.6
3,5,19.0,150.0,2.6
3,5,20.0,160.0,2.6
3,5,21.0,220.0,3.1
3,5,22.0,220.0,4.1
3,5,23.0,260.0,4.1
3,6,1.0,250.0,4.6
3,6,2.0,270.0,1.5
3,6,4.0,260.0,2.6
3,6,5.0,250.0,4.1
3,6,6.0,270.0,4.1
3,6,7.0,250.0,3.6
3,6,8.0,210.0,2.1
3,6,9.0,230.0,2.1
3,6,11.0,250.0,2.1
3,6,12.0,260.0,2.6
3,6,13.0,30.0,2.6
3,6,14.0,20.0,1.5
3,6,18.0,280.0,3.1
3,6,20.0,260.0,2.1
3,6,22.0,250.0,3.1
3,6,23.0,230.0,4.1
3,7,1.0,210.0,3.1
3,7,2.0,260.0,2.1
3,7,3.0,350.0,1.5
3,7,4.0,20.0,2.1
3,7,16.0,260.0,2.1
3,7,17.0,160.0,1.5
3,7,18.0,150.0,1.5
3,7,22.0,260.0,3.1
3,7,23.0,320.0,2.6
3,8,1.0,330.0,3.1
3,8,2.0,350.0,1.5
3,8,3.0,320.0,1.5
3,8,5.0,10.0,2.1
3,8,6.0,360.0,1.5
3,8,13.0,330.0,1.5
3,8,17.0,270.0,1.5
3,8,20.0,250.0,2.6
3,8,21.0,280.0,2.1
3,8,23.0,270.0,2.6
3,9,1.0,330.0,2.6
3,9,2.0,340.0,1.5
3,9,3.0,10.0,1.5
3,9,6.0,30.0,1.5
3,9,7.0,30.0,1.5
3,9,10.0,50.0,1.5
3,9,19.0,210.0,2.1
3,9,21.0,170.0,2.1
3,10,2.0,330.0,1.5
3,10,3.0,350.0,2.1
3,10,4.0,10.0,2.1
3,10,14.0,300.0,1.5
3,10,16.0,200.0,1.5
3,10,21.0,240.0,1.5
3,10,22.0,340.0,2.1
3,10,23.0,350.0,1.5
3,11,1.0,280.0,2.1
3,11,2.0,280.0,1.5
3,11,4.0,360.0,2.1
3,11,8.0,270.0,1.5
3,11,18.0,200.0,1.5
3,11,19.0,250.0,2.6
3,11,20.0,190.0,3.6
3,11,23.0,270.0,2.1
3,12,1.0,250.0,2.1
3,12,2.0,330.0,1.5
3,12,3.0,360.0,1.5
3,12,4.0,10.0,2.1
3,12,12.0,360.0,1.5
3,12,17.0,210.0,2.6
3,12,19.0,170.0,3.1
3,12,20.0,210.0,3.6
3,12,23.0,280.0,1.5
3,13,3.0,10.0,2.1
3,13,10.0,20.0,1.5
3,13,13.0,270.0,1.5
3,13,22.0,190.0,2.6
3,13,23.0,240.0,2.6
3,14,1.0,250.0,2.6
3,14,2.0,270.0,2.1
3,14,3.0,340.0,1.5
3,14,4.0,10.0,2.6
3,14,8.0,320.0,1.5
3,15,1.0,270.0,2.6
3,15,4.0,10.0,2.6
3,15,5.0,10.0,2.1
3,15,6.0,290.0,1.5
3,15,8.0,270.0,1.5
3,15,17.0,180.0,2.6
3,15,18.0,140.0,3.6
3,15,19.0,130.0,3.6
3,15,20.0,190.0,1.5
3,15,21.0,160.0,1.5
3,15,23.0,310.0,2.6
3,16,3.0,20.0,2.1
3,16,4.0,20.0,2.6
3,16,5.0,30.0,1.5
3,16,7.0,290.0,1.5
3,16,18.0,170.0,2.1
3,16,22.0,240.0,2.6
3,17,1.0,260.0,2.6
3,17,3.0,30.0,1.5
3,17,4.0,10.0,2.1
3,17,5.0,10.0,3.1
3,17,6.0,10.0,2.1
3,17,8.0,280.0,1.5
3,17,17.0,210.0,2.1
3,17,19.0,150.0,2.1
3,17,20.0,110.0,2.1
3,17,23.0,30.0,2.1
3,18,3.0,10.0,2.6
3,18,4.0,10.0,3.1
3,18,5.0,20.0,2.6
3,18,17.0,140.0,3.6
3,18,18.0,160.0,3.6
3,18,19.0,120.0,3.6
3,19,2.0,350.0,2.1
3,19,3.0,20.0,2.6
3,19,4.0,10.0,2.1
3,19,7.0,50.0,2.1
3,19,9.0,260.0,1.5
3,19,19.0,170.0,2.1
3,19,20.0,180.0,2.1
3,19,21.0,240.0,2.6
3,19,22.0,200.0,1.5
3,20,1.0,270.0,2.6
3,20,4.0,30.0,2.1
3,20,5.0,20.0,2.1
3,20,6.0,360.0,2.6
3,20,10.0,280.0,2.1
3,20,13.0,40.0,1.5
3,20,19.0,160.0,3.1
3,20,21.0,130.0,2.6
3,21,1.0,240.0,4.1
3,21,2.0,280.0,2.6
3,21,3.0,310.0,1.5
3,21,5.0,260.0,2.1
3,21,6.0,10.0,1.5
3,21,8.0,60.0,1.5
3,21,9.0,30.0,1.5
3,21,11.0,250.0,1.5
3,21,21.0,190.0,3.6
3,21,23.0,250.0,3.1
3,22,1.0,260.0,3.6
3,22,2.0,260.0,4.1
3,22,3.0,310.0,1.5
3,22,6.0,10.0,1.5
3,22,11.0,90.0,1.5
3,22,16.0,290.0,1.5
3,22,19.0,200.0,3.1
3,22,21.0,250.0,3.6
3,22,22.0,280.0,2.6
3,22,23.0,270.0,3.1
3,23,1.0,230.0,3.6
3,23,2.0,270.0,2.6
3,23,3.0,240.0,3.1
3,23,4.0,310.0,4.6
3,23,5.0,290.0,4.1
3,23,8.0,280.0,3.1
3,23,9.0,330.0,7.7
3,23,11.0,20.0,2.6
3,23,12.0,340.0,1.5
3,23,14.0,210.0,2.1
3,23,16.0,150.0,4.1
3,23,17.0,120.0,2.6
3,23,20.0,300.0,4.1
3,23,21.0,250.0,7.7
3,23,22.0,250.0,6.2
3,23,23.0,270.0,6.7
3,24,1.0,270.0,3.6
3,24,5.0,60.0,1.5
3,24,12.0,180.0,1.5
3,24,14.0,50.0,1.5
3,24,21.0,320.0,3.1
3,25,1.0,200.0,1.5
3,25,6.0,30.0,1.5
3,25,7.0,20.0,1.5
3,25,15.0,130.0,1.5
3,25,17.0,150.0,2.6
3,25,18.0,140.0,3.1
3,25,19.0,210.0,3.6
3,25,22.0,210.0,4.6
3,25,23.0,240.0,5.1
3,26,1.0,260.0,6.2
3,26,2.0,230.0,3.1
3,26,3.0,300.0,2.6
3,26,4.0,320.0,1.5
3,26,5.0,340.0,2.1
3,26,7.0,250.0,1.5
3,26,8.0,310.0,1.5
3,26,11.0,330.0,2.6
3,26,16.0,200.0,1.5
3,26,18.0,140.0,1.5
3,26,19.0,240.0,2.1
3,26,21.0,290.0,3.1
3,26,23.0,260.0,2.6
3,27,1.0,200.0,2.1
3,27,4.0,50.0,1.5
3,27,5.0,30.0,1.5
3,27,9.0,190.0,1.5
3,27,15.0,180.0,1.5
3,27,16.0,160.0,2.1
3,27,17.0,140.0,3.1
3,27,20.0,190.0,4.1
3,27,22.0,230.0,3.1
3,27,23.0,230.0,3.6
3,28,1.0,270.0,6.7
3,28,2.0,230.0,2.6
3,28,3.0,340.0,1.5
3,28,4.0,260.0,2.1
3,28,5.0,290.0,2.1
3,28,6.0,10.0,6.2
3,28,7.0,350.0,3.6
3,28,8.0,200.0,2.1
3,28,9.0,220.0,2.1
3,28,10.0,300.0,1.5
3,28,12.0,320.0,1.5
3,28,14.0,300.0,2.6
3,28,16.0,320.0,2.6
3,28,20.0,270.0,5.7
3,28,21.0,250.0,3.1
3,28,22.0,270.0,5.1
3,28,23.0,270.0,4.6
3,29,1.0,240.0,2.6
3,29,2.0,260.0,3.6
3,29,3.0,270.0,4.1
3,29,4.0,270.0,3.1
3,29,5.0,290.0,2.1
3,29,7.0,330.0,3.1
3,29,8.0,330.0,2.1
3,29,10.0,300.0,2.6
3,29,11.0,100.0,1.5
3,29,12.0,80.0,1.5
3,29,16.0,220.0,2.1
3,29,19.0,230.0,3.1
3,29,21.0,270.0,4.1
3,29,22.0,260.0,6.2
3,29,23.0,240.0,5.7
3,30,1.0,240.0,3.6
3,30,2.0,240.0,4.1
3,30,3.0,230.0,2.1
3,30,4.0,280.0,2.1
3,30,5.0,240.0,1.5
3,30,6.0,90.0,1.5
3,30,16.0,130.0,4.1
3,30,17.0,140.0,4.1
3,30,18.0,140.0,3.1
3,30,19.0,110.0,2.1
3,30,21.0,190.0,4.1
3,30,22.0,210.0,6.2
3,30,23.0,230.0,5.1
3,31,1.0,220.0,7.2
3,31,2.0,230.0,6.7
3,31,3.0,220.0,5.7
3,31,4.0,230.0,6.2
3,31,5.0,240.0,8.2
3,31,6.0,290.0,6.2
3,31,7.0,280.0,5.1
3,31,8.0,270.0,4.1
3,31,9.0,280.0,4.6
3,31,10.0,290.0,4.6
3,31,11.0,290.0,5.7
3,31,12.0,290.0,3.6
3,31,13.0,270.0,4.1
3,31,14.0,290.0,2.6
3,31,15.0,260.0,5.1
3,31,16.0,270.0,4.1
3,31,17.0,260.0,5.7
3,31,18.0,240.0,4.6
3,31,19.0,220.0,6.2
3,31,20.0,240.0,5.7
3,31,21.0,240.0,6.2
3,31,22.0,240.0,3.6
3,31,23.0,230.0,3.6
4,1,3.0,360.0,1.5
4,1,4.0,20.0,2.1
4,1,16.0,130.0,1.5
4,1,18.0,110.0,4.6
4,1,23.0,270.0,2.6
4,2,2.0,170.0,1.5
4,2,4.0,60.0,1.5
4,2,7.0,270.0,2.1
4,2,12.0,230.0,1.5
4,2,14.0,240.0,1.5
4,2,15.0,280.0,1.5
4,2,16.0,150.0,3.6
4,2,18.0,180.0,2.6
4,2,21.0,270.0,4.1
4,2,23.0,250.0,3.6
4,3,1.0,230.0,4.6
4,3,2.0,220.0,2.6
4,3,3.0,200.0,1.5
4,3,4.0,220.0,1.5
4,3,6.0,80.0,2.1
4,3,10.0,40.0,2.1
4,3,11.0,30.0,2.1
4,3,15.0,160.0,2.6
4,3,16.0,150.0,3.6
4,3,18.0,120.0,4.1
4,3,19.0,180.0,4.1
4,3,20.0,190.0,5.1
4,3,22.0,230.0,5.1
4,3,23.0,260.0,7.2
4,4,1.0,240.0,6.2
4,4,2.0,260.0,5.1
4,4,3.0,250.0,6.2
4,4,4.0,10.0,6.7
4,4,5.0,320.0,2.1
4,4,6.0,230.0,2.6
4,4,7.0,280.0,2.6
4,4,8.0,20.0,2.6
4,4,9.0,350.0,2.1
4,4,10.0,320.0,1.5
4,4,11.0,320.0,2.6
4,4,13.0,280.0,2.6
4,4,14.0,350.0,2.6
4,4,15.0,320.0,2.1
4,4,18.0,360.0,4.1
4,4,20.0,20.0,3.6
4,4,21.0,260.0,6.7
4,4,23.0,290.0,4.1
4,5,1.0,300.0,2.1
4,5,2.0,330.0,2.1
4,5,5.0,10.0,2.1
4,5,7.0,330.0,2.6
4,5,8.0,280.0,2.1
4,5,9.0,320.0,3.1
4,5,10.0,260.0,1.5
4,5,13.0,250.0,1.5
4,5,15.0,230.0,2.1
4,5,16.0,240.0,3.1
4,5,19.0,240.0,2.6
4,5,20.0,210.0,3.6
4,5,22.0,140.0,2.6
4,6,1.0,250.0,2.6
4,6,2.0,280.0,1.5
4,6,3.0,280.0,1.5
4,6,4.0,10.0,1.5
4,6,5.0,360.0,2.1
4,6,11.0,280.0,1.5
4,6,15.0,280.0,1.5
4,6,16.0,260.0,1.5
4,6,19.0,200.0,3.1
4,6,20.0,200.0,3.1
4,6,21.0,170.0,2.6
4,6,22.0,150.0,3.1
4,7,1.0,270.0,4.1
4,7,2.0,240.0,2.1
4,7,4.0,60.0,1.5
4,7,5.0,30.0,1.5
4,7,6.0,30.0,1.5
4,7,16.0,200.0,2.1
4,7,17.0,160.0,3.1
4,7,20.0,230.0,2.6
4,7,21.0,220.0,3.1
4,7,22.0,240.0,3.6
4,8,1.0,290.0,1.5
4,8,4.0,50.0,1.5
4,8,5.0,30.0,1.5
4,8,6.0,50.0,1.5
4,8,9.0,30.0,1.5
4,8,15.0,220.0,1.5
4,8,16.0,140.0,3.1
4,8,17.0,170.0,2.6
4,8,19.0,230.0,4.1
4,8,20.0,220.0,3.6
4,8,21.0,230.0,4.6
4,8,23.0,220.0,3.6
4,9,1.0,210.0,4.1
4,9,2.0,240.0,6.2
4,9,3.0,240.0,5.1
4,9,4.0,240.0,5.7
4,9,5.0,250.0,4.1
4,9,7.0,250.0,3.6
4,9,8.0,260.0,1.5
4,9,10.0,180.0,2.1
4,9,12.0,260.0,1.5
4,9,23.0,270.0,4.1
4,10,1.0,230.0,3.1
4,10,2.0,240.0,2.1
4,10,3.0,250.0,1.5
4,10,4.0,220.0,2.1
4,10,5.0,280.0,1.5
4,10,7.0,310.0,1.5
4,10,9.0,100.0,2.1
4,10,14.0,340.0,1.5
4,10,15.0,290.0,1.5
4,10,19.0,110.0,3.6
4,10,21.0,260.0,2.1
4,11,1.0,250.0,3.1
4,11,2.0,250.0,2.6
4,11,3.0,270.0,1.5
4,11,5.0,360.0,1.5
4,11,6.0,20.0,1.5
4,11,8.0,280.0,1.5
4,11,15.0,230.0,1.5
4,11,16.0,230.0,1.5
4,11,17.0,210.0,1.5
4,11,19.0,180.0,1.5
4,11,23.0,200.0,5.1
4,12,1.0,270.0,3.6
4,12,2.0,300.0,1.5
4,12,4.0,360.0,1.5
4,12,12.0,330.0,1.5
4,12,17.0,190.0,2.6
4,12,18.0,150.0,2.6
4,12,20.0,210.0,3.1
4,12,23.0,210.0,4.6
4,13,2.0,240.0,1.5
4,13,4.0,30.0,2.1
4,13,5.0,20.0,1.5
4,13,6.0,20.0,2.1
4,13,16.0,160.0,1.5
4,13,17.0,160.0,3.1
4,13,18.0,180.0,3.1
4,13,20.0,180.0,3.6
4,13,21.0,200.0,4.1
4,13,23.0,200.0,4.1
4,14,1.0,240.0,4.6
4,14,2.0,270.0,4.1
4,14,3.0,280.0,2.1
4,14,4.0,260.0,2.1
4,14,6.0,230.0,2.6
4,14,7.0,40.0,1.5
4,14,8.0,60.0,1.5
4,14,10.0,40.0,1.5
4,14,19.0,260.0,2.6
4,14,20.0,200.0,3.1
4,14,21.0,270.0,3.6
4,15,1.0,280.0,2.6
4,15,2.0,290.0,2.6
4,15,3.0,280.0,1.5
4,15,4.0,270.0,2.1
4,15,5.0,260.0,1.5
4,15,6.0,40.0,3.1
4,15,7.0,330.0,2.1
4,15,8.0,50.0,1.5
4,15,9.0,50.0,2.1
4,15,16.0,160.0,2.1
4,15,18.0,170.0,3.6
4,15,19.0,140.0,3.1
4,15,21.0,220.0,3.6
4,15,22.0,60.0,2.1
4,16,1.0,270.0,2.6
4,16,2.0,260.0,2.1
4,16,5.0,20.0,1.5
4,16,6.0,10.0,1.5
4,16,15.0,230.0,1.5
4,16,16.0,160.0,2.1
4,16,18.0,140.0,2.6
4,16,19.0,180.0,2.1
4,16,20.0,180.0,4.6
4,17,1.0,230.0,3.1
4,17,2.0,250.0,1.5
4,17,4.0,30.0,2.1
4,17,6.0,40.0,1.5
4,17,7.0,40.0,2.1
4,17,11.0,60.0,2.1
4,17,16.0,170.0,2.1
4,17,17.0,160.0,2.1
4,17,21.0,200.0,2.1
4,17,22.0,260.0,3.6
4,17,23.0,220.0,2.6
4,18,1.0,240.0,4.1
4,18,2.0,240.0,2.1
4,18,6.0,20.0,1.5
4,18,12.0,50.0,2.1
4,18,13.0,230.0,1.5
4,18,16.0,150.0,3.1
4,18,17.0,160.0,2.6
4,18,20.0,180.0,3.1
4,18,22.0,280.0,4.6
4,18,23.0,250.0,4.6
4,19,1.0,230.0,2.6
4,19,2.0,240.0,2.6
4,19,4.0,210.0,1.5
4,19,5.0,250.0,1.5
4,19,10.0,350.0,1.5
4,19,11.0,120.0,2.1
4,19,12.0,50.0,1.5
4,19,13.0,30.0,2.1
4,19,17.0,150.0,2.1
4,19,18.0,170.0,4.1
4,19,19.0,260.0,4.1
4,19,22.0,220.0,4.6
4,19,23.0,240.0,5.1
4,20,1.0,250.0,3.6
4,20,2.0,230.0,2.1
4,20,4.0,260.0,2.1
4,20,6.0,20.0,2.1
4,20,7.0,360.0,2.1
4,20,14.0,270.0,1.5
4,20,16.0,160.0,2.6
4,20,17.0,130.0,1.5
4,20,22.0,350.0,2.6
4,20,23.0,250.0,4.6
4,21,1.0,230.0,4.6
4,21,2.0,220.0,4.1
4,21,3.0,250.0,3.1
4,21,4.0,280.0,2.1
4,21,5.0,290.0,1.5
4,21,6.0,30.0,2.1
4,21,8.0,310.0,2.1
4,21,9.0,150.0,2.1
4,21,13.0,40.0,1.5
4,21,14.0,230.0,1.5
4,21,16.0,270.0,2.6
4,21,20.0,280.0,4.1
4,21,21.0,290.0,4.1
4,21,22.0,260.0,5.1
4,21,23.0,270.0,3.6
4,22,1.0,240.0,4.6
4,22,2.0,260.0,4.1
4,22,3.0,260.0,4.1
4,22,5.0,250.0,2.1
4,22,18.0,120.0,3.1
4,22,20.0,160.0,2.6
4,22,22.0,260.0,2.1
4,23,1.0,280.0,2.6
4,23,2.0,270.0,1.5
4,23,5.0,40.0,1.5
4,23,6.0,30.0,2.1
4,23,8.0,340.0,1.5
4,23,15.0,190.0,2.1
4,23,16.0,210.0,2.1
4,23,18.0,160.0,3.1
4,23,19.0,160.0,3.6
4,23,20.0,210.0,4.1
4,23,22.0,220.0,4.1
4,23,23.0,250.0,3.6
4,24,1.0,260.0,5.1
4,24,2.0,250.0,5.7
4,24,3.0,250.0,4.1
4,24,4.0,240.0,3.1
4,24,5.0,270.0,4.1
4,24,6.0,250.0,3.1
4,24,7.0,250.0,3.1
4,24,8.0,250.0,2.6
4,24,10.0,40.0,1.5
4,24,11.0,90.0,1.5
4,24,13.0,140.0,2.1
4,24,16.0,150.0,3.1
4,24,17.0,130.0,2.6
4,24,19.0,200.0,3.6
4,24,20.0,250.0,6.2
4,24,21.0,240.0,4.6
4,24,22.0,240.0,3.1
4,24,23.0,260.0,4.1
4,25,1.0,260.0,6.2
4,25,2.0,250.0,5.1
4,25,3.0,250.0,3.6
4,25,4.0,240.0,2.6
4,25,5.0,250.0,1.5
4,25,6.0,230.0,3.1
4,25,7.0,220.0,6.2
4,25,8.0,240.0,4.6
4,25,9.0,230.0,3.6
4,25,10.0,210.0,6.2
4,25,11.0,250.0,3.6
4,25,12.0,240.0,4.1
4,25,13.0,250.0,3.1
4,25,14.0,260.0,1.5
4,25,15.0,250.0,5.7
4,25,16.0,260.0,6.2
4,25,17.0,250.0,4.6
4,25,18.0,220.0,5.1
4,25,19.0,240.0,4.1
4,25,20.0,250.0,4.1
4,25,21.0,210.0,5.7
4,25,22.0,230.0,6.2
4,25,23.0,230.0,7.7
4,26,1.0,280.0,7.2
4,26,2.0,290.0,5.7
4,26,3.0,280.0,5.7
4,26,5.0,270.0,3.1
4,26,6.0,270.0,3.1
4,26,8.0,360.0,2.1
4,26,9.0,20.0,2.6
4,26,10.0,360.0,2.1
4,26,12.0,360.0,2.6
4,26,13.0,340.0,2.6
4,26,14.0,330.0,2.1
4,26,20.0,210.0,4.1
4,26,21.0,230.0,4.6
4,26,22.0,260.0,3.6
4,26,23.0,230.0,4.1
4,27,1.0,230.0,4.1
4,27,2.0,240.0,4.1
4,27,3.0,220.0,1.5
4,27,6.0,230.0,3.1
4,27,7.0,240.0,3.6
4,27,8.0,240.0,3.1
4,27,9.0,270.0,2.1
4,27,11.0,30.0,1.5
4,27,15.0,140.0,3.1
4,27,16.0,110.0,3.1
4,27,19.0,240.0,2.6
4,27,20.0,220.0,4.6
4,27,21.0,240.0,4.6
4,27,22.0,260.0,4.6
4,27,23.0,250.0,3.6
4,28,1.0,240.0,6.7
4,28,2.0,240.0,5.1
4,28,3.0,250.0,2.1
4,28,4.0,250.0,1.5
4,28,5.0,240.0,2.6
4,28,6.0,240.0,3.1
4,28,7.0,260.0,3.1
4,28,8.0,260.0,4.6
4,28,9.0,260.0,5.1
4,28,10.0,250.0,5.1
4,28,11.0,280.0,4.1
4,28,14.0,240.0,3.1
4,28,15.0,270.0,3.1
4,28,16.0,260.0,3.1
4,28,17.0,260.0,5.7
4,28,18.0,260.0,3.1
4,28,19.0,250.0,4.6
4,28,20.0,260.0,4.6
4,28,22.0,250.0,9.8
4,28,23.0,290.0,7.7
4,29,1.0,280.0,8.8
4,29,2.0,290.0,6.2
4,29,3.0,330.0,7.7
4,29,4.0,350.0,3.6
4,29,5.0,340.0,3.6
4,29,7.0,310.0,1.5
4,29,8.0,320.0,2.1
4,29,9.0,330.0,2.1
4,29,11.0,320.0,1.5
4,29,12.0,320.0,2.1
4,29,13.0,330.0,1.5
4,29,15.0,310.0,3.1
4,29,17.0,10.0,4.6
4,29,18.0,350.0,3.6
4,29,19.0,270.0,4.6
4,29,20.0,260.0,6.2
4,29,21.0,280.0,5.1
4,29,22.0,270.0,7.2
4,29,23.0,240.0,7.2
4,30,1.0,250.0,3.6
4,30,2.0,230.0,2.1
4,30,4.0,250.0,1.5
4,30,7.0,10.0,1.5
4,30,8.0,340.0,1.5
4,30,9.0,50.0,2.1
4,30,11.0,280.0,2.1
4,30,15.0,220.0,1.5
4,30,16.0,250.0,2.1
4,30,18.0,240.0,3.6
4,30,19.0,220.0,3.6
4,30,21.0,230.0,4.1
4,30,23.0,270.0,3.1
5,1,1.0,210.0,5.1
5,1,2.0,210.0,2.6
5,1,4.0,100.0,1.5
5,1,5.0,100.0,1.5
5,1,17.0,160.0,3.6
5,1,19.0,180.0,3.6
5,1,20.0,240.0,5.1
5,1,21.0,220.0,3.6
5,1,22.0,280.0,4.6
5,1,23.0,240.0,5.1
5,2,1.0,250.0,3.6
5,2,2.0,200.0,3.1
5,2,4.0,60.0,1.5
5,2,5.0,50.0,2.1
5,2,8.0,340.0,2.1
5,2,9.0,40.0,1.5
5,2,15.0,170.0,1.5
5,2,16.0,150.0,2.1
5,2,21.0,290.0,3.6
5,2,23.0,210.0,3.6
5,3,1.0,240.0,3.6
5,3,2.0,220.0,2.1
5,3,3.0,210.0,2.1
5,3,10.0,320.0,2.1
5,3,11.0,90.0,1.5
5,3,18.0,50.0,2.6
5,3,20.0,140.0,4.1
5,3,21.0,100.0,1.5
5,3,22.0,270.0,3.1
5,3,23.0,270.0,3.6
5,4,1.0,290.0,3.6
5,4,2.0,240.0,3.1
5,4,3.0,250.0,2.1
5,4,12.0,230.0,2.1
5,4,15.0,190.0,1.5
5,4,16.0,90.0,3.1
5,4,18.0,140.0,3.6
5,4,19.0,180.0,4.1
5,4,20.0,170.0,2.6
5,4,21.0,160.0,3.1
5,5,1.0,270.0,4.1
5,5,2.0,230.0,3.1
5,5,5.0,30.0,2.1
5,5,6.0,20.0,1.5
5,5,7.0,10.0,1.5
5,5,8.0,40.0,1.5
5,5,11.0,340.0,1.5
5,5,17.0,260.0,1.5
5,5,20.0,70.0,2.1
5,5,22.0,180.0,3.6
5,5,23.0,160.0,3.6
5,6,1.0,190.0,2.1
5,6,2.0,180.0,4.6
5,6,3.0,230.0,3.1
5,6,4.0,240.0,4.6
5,6,5.0,240.0,5.1
5,6,6.0,310.0,2.1
5,6,7.0,270.0,3.1
5,6,8.0,290.0,1.5
5,6,9.0,20.0,2.1
5,6,12.0,100.0,1.5
5,6,14.0,130.0,1.5
5,6,15.0,130.0,2.6
5,6,16.0,150.0,3.1
5,6,18.0,170.0,7.7
5,6,19.0,170.0,6.7
5,6,20.0,210.0,8.8
5,6,21.0,190.0,6.2
5,6,22.0,170.0,6.7
5,6,23.0,200.0,7.7
5,7,1.0,250.0,5.7
5,7,2.0,250.0,7.2
5,7,3.0,260.0,4.1
5,7,4.0,250.0,1.5
5,7,5.0,210.0,6.2
5,7,6.0,200.0,8.8
5,7,7.0,190.0,4.6
5,7,8.0,260.0,3.1
5,7,9.0,280.0,2.6
5,7,10.0,290.0,1.5
5,7,11.0,340.0,1.5
5,7,12.0,20.0,1.5
5,7,13.0,130.0,2.6
5,7,14.0,150.0,3.6
5,7,15.0,190.0,3.6
5,7,16.0,190.0,4.6
5,7,18.0,240.0,3.6
5,7,19.0,240.0,3.1
5,7,20.0,270.0,4.1
5,7,21.0,220.0,3.6
5,7,23.0,270.0,3.6
5,8,1.0,280.0,3.1
5,8,2.0,270.0,1.5
5,8,3.0,290.0,1.5
5,8,4.0,280.0,2.1
5,8,5.0,310.0,1.5
5,8,6.0,320.0,1.5
5,8,8.0,340.0,1.5
5,8,9.0,20.0,1.5
5,8,14.0,330.0,1.5
5,8,15.0,280.0,2.1
5,8,16.0,190.0,1.5
5,8,17.0,250.0,2.6
5,8,18.0,270.0,3.1
5,8,19.0,200.0,4.1
5,8,21.0,220.0,4.1
5,8,22.0,220.0,4.1
5,9,1.0,240.0,5.7
5,9,2.0,240.0,5.1
5,9,3.0,250.0,4.6
5,9,4.0,260.0,2.1
5,9,5.0,220.0,2.6
5,9,6.0,230.0,2.6
5,9,7.0,250.0,3.1
5,9,8.0,310.0,2.1
5,9,9.0,350.0,3.1
5,9,11.0,60.0,5.7
5,9,13.0,250.0,1.5
5,9,15.0,160.0,2.1
5,9,16.0,160.0,2.6
5,9,17.0,190.0,2.6
5,9,18.0,190.0,4.1
5,9,19.0,190.0,5.1
5,9,20.0,120.0,3.6
5,9,21.0,10.0,1.5
5,9,23.0,190.0,3.1
5,10,1.0,270.0,4.6
5,10,2.0,230.0,2.1
5,10,4.0,130.0,3.6
5,10,5.0,140.0,3.6
5,10,6.0,140.0,1.5
5,10,7.0,120.0,2.1
5,10,8.0,150.0,3.1
5,10,9.0,140.0,2.1
5,10,10.0,140.0,2.1
5,10,11.0,120.0,2.1
5,10,14.0,180.0,1.5
5,10,18.0,270.0,4.1
5,10,19.0,300.0,2.1
5,10,20.0,220.0,4.6
5,10,21.0,240.0,4.6
5,10,22.0,240.0,5.1
5,10,23.0,250.0,5.1
5,11,1.0,260.0,3.6
5,11,2.0,270.0,3.1
5,11,3.0,250.0,3.1
5,11,4.0,250.0,1.5
5,11,6.0,40.0,1.5
5,11,11.0,30.0,1.5
5,11,16.0,210.0,2.1
5,11,19.0,250.0,3.6
5,11,21.0,260.0,3.6
5,12,1.0,230.0,2.6
5,12,2.0,210.0,3.1
5,12,3.0,200.0,1.5
5,12,5.0,200.0,1.5
5,12,10.0,30.0,2.1
5,12,14.0,260.0,1.5
5,12,15.0,150.0,1.5
5,12,16.0,160.0,3.1
5,12,17.0,180.0,2.6
5,12,18.0,170.0,3.1
5,12,19.0,230.0,2.6
5,12,22.0,190.0,2.6
5,12,23.0,160.0,1.5
5,13,1.0,250.0,3.1
5,13,2.0,260.0,2.6
5,13,5.0,250.0,1.5
5,13,7.0,290.0,1.5
5,13,8.0,30.0,1.5
5,13,9.0,260.0,1.5
5,13,11.0,40.0,2.6
5,13,13.0,90.0,1.5
5,13,15.0,130.0,2.1
5,13,16.0,150.0,3.1
5,13,17.0,150.0,3.6
5,13,18.0,190.0,4.6
5,13,21.0,220.0,4.1
5,13,23.0,220.0,5.1
5,14,1.0,250.0,5.7
5,14,2.0,240.0,7.2
5,14,3.0,240.0,3.1
5,14,4.0,230.0,4.1
5,14,5.0,250.0,2.6
5,14,6.0,230.0,4.6
5,14,7.0,230.0,2.6
5,14,8.0,120.0,1.5
5,14,10.0,110.0,1.5
5,14,11.0,120.0,2.1
5,14,13.0,120.0,2.1
5,14,14.0,120.0,2.1
5,14,15.0,140.0,3.6
5,14,16.0,150.0,2.1
5,14,17.0,160.0,4.6
5,14,18.0,170.0,6.2
5,14,19.0,180.0,7.7
5,14,20.0,200.0,6.7
5,14,21.0,160.0,4.6
5,14,22.0,170.0,5.1
5,14,23.0,220.0,5.1
5,15,1.0,260.0,5.7
5,15,2.0,280.0,5.7
5,15,3.0,270.0,5.7
5,15,4.0,300.0,3.1
5,15,5.0,270.0,2.6
5,15,8.0,60.0,1.5
5,15,9.0,70.0,1.5
5,15,11.0,120.0,1.5
5,15,12.0,140.0,2.1
5,15,13.0,130.0,2.1
5,15,14.0,130.0,2.1
5,15,16.0,150.0,2.6
5,15,17.0,140.0,4.6
5,15,18.0,190.0,4.6
5,15,19.0,170.0,4.6
5,15,20.0,270.0,5.1
5,15,21.0,230.0,6.7
5,15,22.0,260.0,6.2
5,15,23.0,260.0,7.2
5,16,1.0,250.0,8.8
5,16,2.0,250.0,5.7
5,16,3.0,240.0,5.1
5,16,4.0,240.0,4.6
5,16,5.0,240.0,5.1
5,16,6.0,240.0,2.6
5,16,7.0,240.0,1.5
5,16,8.0,240.0,2.1
5,16,9.0,220.0,3.1
5,16,10.0,240.0,2.6
5,16,13.0,280.0,3.1
5,16,14.0,280.0,1.5
5,16,16.0,260.0,2.1
5,16,19.0,190.0,2.6
5,16,20.0,260.0,5.1
5,16,21.0,270.0,4.6
5,16,22.0,260.0,6.2
5,16,23.0,280.0,2.6
5,17,1.0,240.0,4.6
5,17,2.0,240.0,3.1
5,17,3.0,230.0,2.1
5,17,4.0,220.0,2.6
5,17,5.0,210.0,2.6
5,17,11.0,100.0,2.1
5,17,13.0,180.0,2.1
5,17,14.0,160.0,2.6
5,17,15.0,120.0,2.6
5,17,21.0,180.0,3.6
5,17,22.0,240.0,4.1
5,18,1.0,240.0,6.2
5,18,2.0,250.0,5.7
5,18,3.0,250.0,5.7
5,18,4.0,240.0,4.1
5,18,5.0,240.0,4.6
5,18,6.0,250.0,4.1
5,18,7.0,250.0,6.2
5,18,8.0,270.0,4.1
5,18,9.0,250.0,2.6
5,18,10.0,290.0,2.1
5,18,11.0,20.0,1.5
5,18,13.0,360.0,2.1
5,18,14.0,290.0,1.5
5,18,15.0,280.0,2.1
5,18,17.0,270.0,3.1
5,18,18.0,270.0,3.6
5,18,19.0,260.0,5.1
5,18,20.0,280.0,1.5
5,18,21.0,240.0,4.1
5,18,23.0,220.0,5.1
5,19,1.0,260.0,5.1
5,19,2.0,260.0,5.1
5,19,3.0,270.0,3.6
5,19,4.0,280.0,3.1
5,19,5.0,280.0,1.5
5,19,6.0,360.0,4.6
5,19,7.0,310.0,3.1
5,19,8.0,340.0,2.1
5,19,9.0,280.0,3.1
5,19,10.0,10.0,3.6
5,19,11.0,280.0,3.6
5,19,12.0,340.0,3.1
5,19,13.0,310.0,2.1
5,19,14.0,20.0,4.1
5,19,15.0,50.0,7.7
5,19,16.0,40.0,6.7
5,19,18.0,170.0,2.6
5,19,20.0,200.0,2.1
5,19,21.0,240.0,4.1
5,19,23.0,160.0,4.1
5,20,1.0,230.0,5.7
5,20,2.0,230.0,2.6
5,20,3.0,240.0,2.6
5,20,7.0,30.0,1.5
5,20,9.0,240.0,1.5
5,20,11.0,290.0,1.5
5,20,15.0,190.0,2.1
5,20,16.0,230.0,2.1
5,20,17.0,50.0,5.7
5,20,18.0,40.0,5.1
5,20,19.0,360.0,5.1
5,20,20.0,340.0,2.6
5,20,22.0,320.0,3.1
5,20,23.0,210.0,2.6
5,21,1.0,290.0,1.5
5,21,2.0,210.0,2.6
5,21,5.0,50.0,1.5
5,21,6.0,360.0,1.5
5,21,7.0,40.0,1.5
5,21,8.0,20.0,2.1
5,21,9.0,200.0,1.5
5,21,10.0,290.0,2.1
5,21,12.0,330.0,1.5
5,21,15.0,210.0,1.5
5,21,16.0,220.0,1.5
5,21,17.0,80.0,1.5
5,21,18.0,90.0,2.1
5,21,19.0,190.0,2.6
5,21,20.0,340.0,1.5
5,21,22.0,200.0,4.1
5,22,1.0,240.0,4.1
5,22,2.0,250.0,3.1
5,22,5.0,30.0,1.5
5,22,7.0,40.0,1.5
5,22,9.0,160.0,1.5
5,22,11.0,320.0,1.5
5,22,13.0,240.0,1.5
5,22,17.0,230.0,2.1
5,22,19.0,240.0,2.1
5,22,20.0,110.0,2.6
5,22,21.0,230.0,2.6
5,22,22.0,250.0,4.6
5,22,23.0,230.0,4.1
5,23,1.0,260.0,4.6
5,23,2.0,240.0,3.6
5,23,3.0,220.0,2.6
5,23,4.0,230.0,2.6
5,23,6.0,300.0,1.5
5,23,7.0,310.0,1.5
5,23,8.0,250.0,1.5
5,23,11.0,60.0,2.1
5,23,14.0,260.0,1.5
5,23,15.0,290.0,2.1
5,23,18.0,130.0,2.1
5,23,19.0,270.0,4.1
5,23,20.0,330.0,3.1
5,23,22.0,280.0,4.1
5,24,1.0,240.0,3.6
5,24,2.0,240.0,3.6
5,24,3.0,180.0,1.5
5,24,5.0,20.0,1.5
5,24,8.0,40.0,1.5
5,24,15.0,150.0,2.1
5,24,16.0,160.0,3.6
5,24,18.0,130.0,3.1
5,24,21.0,260.0,4.1
5,24,22.0,230.0,6.7
5,24,23.0,270.0,6.7
5,25,1.0,260.0,6.7
5,25,2.0,260.0,5.1
5,25,3.0,250.0,4.1
5,25,4.0,240.0,5.1
5,25,5.0,240.0,5.1
5,25,6.0,240.0,4.6
5,25,7.0,230.0,4.6
5,25,8.0,240.0,3.1
5,25,14.0,100.0,2.1
5,25,15.0,140.0,2.1
5,25,17.0,260.0,2.6
5,25,19.0,230.0,3.6
5,25,21.0,210.0,5.1
5,25,22.0,270.0,4.6
5,25,23.0,250.0,6.7
5,26,1.0,210.0,6.2
5,26,2.0,240.0,4.6
5,26,3.0,240.0,5.1
5,26,4.0,240.0,3.6
5,26,5.0,220.0,4.6
5,26,7.0,160.0,3.1
5,26,8.0,100.0,1.5
5,26,9.0,110.0,3.1
5,26,10.0,160.0,2.6
5,26,11.0,140.0,2.6
5,26,12.0,110.0,1.5
5,26,13.0,130.0,1.5
5,26,14.0,130.0,1.5
5,26,15.0,180.0,3.6
5,26,16.0,180.0,3.6
5,26,17.0,190.0,6.2
5,26,18.0,180.0,4.1
5,26,19.0,210.0,5.1
5,26,20.0,190.0,4.1
5,26,22.0,250.0,5.1
5,26,23.0,230.0,6.2
5,27,1.0,250.0,5.1
5,27,2.0,270.0,3.1
5,27,3.0,270.0,2.1
5,27,4.0,250.0,1.5
5,27,5.0,250.0,2.6
5,27,6.0,260.0,2.1
5,27,7.0,20.0,2.1
5,27,8.0,50.0,2.6
5,27,9.0,140.0,2.1
5,27,10.0,100.0,1.5
5,27,11.0,110.0,1.5
5,27,12.0,140.0,1.5
5,27,15.0,150.0,2.1
5,28,2.0,270.0,3.1
5,28,3.0,220.0,2.1
5,28,16.0,190.0,2.1
5,28,18.0,210.0,2.6
5,28,20.0,230.0,5.1
5,28,21.0,250.0,3.1
5,28,22.0,230.0,4.6
5,28,23.0,200.0,3.1
5,29,1.0,240.0,3.6
5,29,2.0,250.0,2.6
5,29,3.0,270.0,1.5
5,29,5.0,10.0,1.5
5,29,7.0,30.0,1.5
5,29,12.0,230.0,1.5
5,29,14.0,320.0,1.5
5,29,17.0,150.0,4.1
5,29,18.0,160.0,4.6
5,29,19.0,180.0,3.6
5,29,21.0,140.0,2.1
5,29,22.0,250.0,3.6
5,29,23.0,230.0,3.1
5,30,1.0,290.0,2.1
5,30,2.0,310.0,2.1
5,30,3.0,310.0,1.5
5,30,4.0,10.0,1.5
5,30,6.0,20.0,2.1
5,30,12.0,110.0,1.5
5,30,17.0,190.0,2.6
5,30,18.0,200.0,3.1
5,30,20.0,180.0,1.5
5,31,1.0,280.0,3.6
5,31,2.0,220.0,1.5
5,31,3.0,80.0,2.1
5,31,4.0,90.0,7.7
5,31,5.0,100.0,4.6
5,31,6.0,90.0,5.1
5,31,9.0,20.0,1.5
5,31,11.0,20.0,2.1
5,31,12.0,310.0,1.5
5,31,15.0,100.0,2.1
5,31,16.0,130.0,3.1
5,31,17.0,150.0,4.6
5,31,18.0,140.0,2.1
5,31,21.0,170.0,5.1
6,1,1.0,250.0,4.6
6,1,2.0,270.0,4.1
6,1,3.0,260.0,5.1
6,1,4.0,260.0,5.7
6,1,5.0,260.0,6.2
6,1,6.0,270.0,4.6
6,1,7.0,270.0,1.5
6,1,11.0,280.0,1.5
6,1,12.0,20.0,1.5
6,1,15.0,160.0,1.5
6,1,20.0,150.0,4.1
6,1,22.0,210.0,5.7
6,2,2.0,270.0,3.6
6,2,3.0,270.0,2.1
6,2,4.0,250.0,3.6
6,2,5.0,270.0,2.6
6,2,6.0,290.0,1.5
6,2,7.0,270.0,4.1
6,2,8.0,290.0,2.1
6,2,9.0,300.0,1.5
6,2,15.0,260.0,1.5
6,2,16.0,240.0,2.1
6,2,18.0,270.0,1.5
6,2,19.0,130.0,3.1
6,2,20.0,220.0,3.1
6,2,21.0,260.0,4.1
6,2,22.0,250.0,3.6
6,3,1.0,250.0,3.1
6,3,2.0,240.0,3.6
6,3,3.0,220.0,1.5
6,3,11.0,30.0,1.5
6,3,15.0,160.0,2.6
6,3,16.0,160.0,3.1
6,3,17.0,120.0,3.6
6,3,18.0,150.0,3.1
6,3,20.0,250.0,3.6
6,3,23.0,240.0,4.1
6,4,1.0,230.0,3.1
6,4,2.0,230.0,4.6
6,4,3.0,240.0,2.6
6,4,4.0,260.0,1.5
6,4,5.0,260.0,4.1
6,4,6.0,290.0,1.5
6,4,8.0,360.0,1.5
6,4,9.0,10.0,2.1
6,4,11.0,290.0,2.1
6,4,14.0,120.0,2.1
6,4,15.0,160.0,1.5
6,4,16.0,110.0,1.5
6,4,18.0,270.0,2.6
6,4,19.0,240.0,1.5
6,4,20.0,230.0,2.1
6,4,21.0,220.0,4.1
6,4,23.0,270.0,4.6
6,5,1.0,250.0,4.1
6,5,2.0,250.0,4.1
6,5,3.0,240.0,2.6
6,5,4.0,260.0,2.6
6,5,5.0,300.0,1.5
6,5,6.0,330.0,2.1
6,5,7.0,290.0,2.1
6,5,8.0,20.0,1.5
6,5,14.0,150.0,2.1
6,5,15.0,110.0,2.1
6,5,19.0,230.0,3.1
6,5,22.0,270.0,4.1
6,6,1.0,250.0,3.6
6,6,2.0,250.0,3.6
6,6,3.0,270.0,2.1
6,6,5.0,30.0,1.5
6,6,6.0,20.0,2.1
6,6,7.0,300.0,2.1
6,6,8.0,280.0,2.6
6,6,10.0,30.0,1.5
6,6,12.0,40.0,1.5
6,6,15.0,290.0,1.5
6,6,16.0,220.0,2.6
6,6,19.0,220.0,2.6
6,6,20.0,200.0,2.6
6,6,22.0,320.0,2.6
6,6,23.0,240.0,4.1
6,7,1.0,260.0,4.6
6,7,2.0,250.0,4.1
6,7,3.0,260.0,2.1
6,7,4.0,280.0,1.5
6,7,6.0,270.0,2.6
6,7,7.0,330.0,1.5
6,7,8.0,320.0,2.1
6,7,10.0,10.0,1.5
6,7,11.0,20.0,1.5
6,7,14.0,320.0,2.1
6,7,15.0,290.0,1.5
6,7,16.0,280.0,2.6
6,7,20.0,270.0,3.1
6,7,21.0,270.0,2.6
6,7,23.0,290.0,4.6
6,8,1.0,220.0,4.1
6,8,2.0,260.0,3.6
6,8,3.0,260.0,2.6
6,8,4.0,250.0,2.6
6,8,6.0,340.0,1.5
6,8,8.0,30.0,2.1
6,8,9.0,340.0,1.5
6,8,11.0,70.0,1.5
6,8,12.0,50.0,2.6
6,8,13.0,310.0,2.1
6,8,17.0,250.0,2.6
6,8,18.0,250.0,3.1
6,8,21.0,260.0,4.1
6,8,22.0,310.0,4.6
6,8,23.0,280.0,4.1
6,9,1.0,250.0,3.6
6,9,2.0,270.0,2.6
6,9,13.0,60.0,2.1
6,9,15.0,320.0,2.1
6,9,16.0,270.0,2.1
6,9,17.0,320.0,2.1
6,9,22.0,240.0,3.6
6,10,1.0,250.0,5.7
6,10,2.0,260.0,3.6
6,10,3.0,250.0,3.6
6,10,4.0,260.0,3.1
6,10,5.0,250.0,4.6
6,10,6.0,260.0,3.1
6,10,7.0,250.0,2.6
6,10,8.0,290.0,1.5
6,10,11.0,330.0,1.5
6,10,12.0,10.0,2.1
6,10,13.0,360.0,2.1
6,10,14.0,190.0,2.1
6,10,15.0,150.0,2.1
6,10,17.0,140.0,3.1
6,10,18.0,180.0,3.6
6,10,20.0,160.0,4.1
6,10,22.0,140.0,3.6
6,10,23.0,190.0,3.6
6,11,1.0,320.0,3.1
6,11,2.0,280.0,1.5
6,11,3.0,260.0,3.1
6,11,4.0,240.0,3.1
6,11,5.0,250.0,3.1
6,11,6.0,250.0,2.1
6,11,9.0,70.0,1.5
6,11,10.0,130.0,2.1
6,11,11.0,120.0,2.6
6,11,12.0,90.0,1.5
6,11,14.0,120.0,2.1
6,11,15.0,150.0,3.6
6,11,16.0,150.0,4.1
6,11,17.0,140.0,4.1
6,11,18.0,180.0,4.6
6,11,19.0,170.0,6.7
6,11,20.0,160.0,5.1
6,11,21.0,190.0,4.6
6,11,22.0,160.0,5.1
6,11,23.0,210.0,4.6
6,12,1.0,240.0,6.7
6,12,2.0,240.0,6.2
6,12,3.0,250.0,5.1
6,12,4.0,270.0,3.1
6,12,7.0,250.0,1.5
6,12,8.0,170.0,2.1
6,12,9.0,250.0,3.1
6,12,14.0,230.0,2.1
6,12,15.0,170.0,2.1
6,12,16.0,230.0,4.1
6,12,17.0,200.0,3.6
6,12,18.0,220.0,4.6
6,12,19.0,210.0,3.6
6,12,20.0,180.0,3.1
6,12,22.0,230.0,4.1
6,13,1.0,260.0,4.6
6,13,2.0,270.0,4.1
6,13,3.0,260.0,4.1
6,13,4.0,260.0,3.1
6,13,5.0,290.0,2.1
6,13,8.0,60.0,2.1
6,13,14.0,180.0,1.5
6,13,15.0,170.0,2.1
6,13,17.0,190.0,2.1
6,13,19.0,150.0,3.1
6,13,21.0,260.0,4.1
6,13,23.0,280.0,2.6
6,14,1.0,300.0,3.1
6,14,2.0,240.0,2.1
6,14,3.0,260.0,2.1
6,14,4.0,260.0,1.5
6,14,5.0,40.0,1.5
6,14,6.0,30.0,1.5
6,14,18.0,200.0,3.6
6,14,20.0,280.0,2.6
6,14,21.0,240.0,4.6
6,14,22.0,210.0,2.6
6,15,1.0,240.0,2.6
6,15,2.0,230.0,2.6
6,15,3.0,250.0,1.5
6,15,5.0,30.0,1.5
6,15,6.0,30.0,1.5
6,15,8.0,300.0,1.5
6,15,12.0,30.0,1.5
6,15,15.0,170.0,1.5
6,15,18.0,160.0,3.6
6,15,21.0,210.0,2.6
6,15,22.0,250.0,3.6
6,15,23.0,290.0,2.1
6,16,1.0,270.0,2.6
6,16,2.0,270.0,3.1
6,16,5.0,30.0,1.5
6,16,6.0,20.0,1.5
6,16,7.0,40.0,1.5
6,16,16.0,180.0,2.6
6,16,17.0,150.0,3.1
6,16,23.0,270.0,3.1
6,17,2.0,230.0,4.1
6,17,3.0,230.0,1.5
6,17,5.0,270.0,1.5
6,17,6.0,270.0,3.1
6,17,7.0,350.0,2.1
6,17,8.0,40.0,2.6
6,17,10.0,30.0,2.1
6,17,12.0,60.0,1.5
6,17,15.0,110.0,1.5
6,17,21.0,260.0,3.1
6,17,22.0,240.0,2.6
6,17,23.0,240.0,3.6
6,18,1.0,240.0,4.6
6,18,2.0,250.0,3.6
6,18,3.0,240.0,2.1
6,18,6.0,40.0,1.5
6,18,9.0,60.0,1.5
6,18,11.0,40.0,1.5
6,18,13.0,170.0,1.5
6,18,17.0,220.0,2.6
6,18,18.0,240.0,2.6
6,18,22.0,230.0,3.1
6,18,23.0,290.0,3.1
6,19,1.0,250.0,4.1
6,19,2.0,220.0,3.1
6,19,4.0,250.0,2.1
6,19,5.0,270.0,1.5
6,19,6.0,30.0,1.5
6,19,8.0,10.0,2.1
6,19,9.0,10.0,2.1
6,19,10.0,20.0,1.5
6,19,11.0,30.0,1.5
6,19,12.0,260.0,1.5
6,19,13.0,80.0,1.5
6,19,16.0,180.0,2.1
6,19,18.0,150.0,2.6
6,19,21.0,300.0,2.1
6,19,23.0,230.0,3.6
6,20,1.0,290.0,3.6
6,20,2.0,260.0,3.6
6,20,3.0,250.0,2.1
6,20,4.0,20.0,2.1
6,20,6.0,50.0,2.1
6,20,8.0,350.0,1.5
6,20,16.0,190.0,2.1
6,20,17.0,210.0,1.5
6,20,18.0,170.0,3.1
6,20,19.0,190.0,3.6
6,20,20.0,150.0,3.1
6,20,22.0,210.0,4.1
6,21,1.0,270.0,2.1
6,21,2.0,250.0,2.1
6,21,5.0,60.0,2.1
6,21,6.0,270.0,1.5
6,21,7.0,120.0,2.1
6,21,8.0,130.0,1.5
6,21,11.0,170.0,2.1
6,21,15.0,130.0,1.5
6,21,18.0,220.0,3.1
6,21,20.0,280.0,2.6
6,21,21.0,310.0,2.6
6,21,22.0,270.0,3.6
6,21,23.0,250.0,5.1
6,22,1.0,250.0,5.1
6,22,2.0,250.0,4.1
6,22,3.0,240.0,3.1
6,22,4.0,260.0,2.6
6,22,5.0,270.0,3.6
6,22,6.0,250.0,3.6
6,22,9.0,320.0,1.5
6,22,10.0,270.0,2.1
6,22,11.0,20.0,1.5
6,22,15.0,210.0,2.6
6,22,18.0,230.0,3.6
6,22,19.0,240.0,5.1
6,22,20.0,240.0,4.6
6,22,21.0,230.0,4.6
6,22,22.0,260.0,5.1
6,22,23.0,260.0,5.7
6,23,1.0,250.0,5.7
6,23,2.0,240.0,5.1
6,23,3.0,250.0,4.6
6,23,4.0,260.0,5.7
6,23,5.0,260.0,5.1
6,23,6.0,260.0,3.1
6,23,7.0,280.0,2.1
6,23,8.0,280.0,2.6
6,23,13.0,330.0,1.5
6,23,14.0,320.0,2.1
6,23,15.0,290.0,3.1
6,23,16.0,230.0,4.1
6,23,17.0,230.0,2.6
6,23,18.0,250.0,4.1
6,23,22.0,240.0,4.6
6,23,23.0,230.0,4.6
6,24,1.0,240.0,4.6
6,24,2.0,240.0,4.1
6,24,3.0,250.0,3.1
6,24,4.0,250.0,3.6
6,24,5.0,250.0,4.1
6,24,6.0,260.0,3.6
6,24,7.0,300.0,2.6
6,24,9.0,350.0,1.5
6,24,14.0,40.0,1.5
6,24,15.0,190.0,1.5
6,24,16.0,180.0,3.1
6,24,18.0,200.0,3.6
6,24,19.0,180.0,2.1
6,24,21.0,160.0,3.6
6,24,23.0,240.0,5.7
6,25,1.0,250.0,3.6
6,25,2.0,250.0,4.1
6,25,3.0,240.0,2.6
6,25,6.0,50.0,1.5
6,25,7.0,40.0,1.5
6,25,8.0,160.0,1.5
6,25,10.0,190.0,1.5
6,25,11.0,120.0,3.6
6,25,12.0,110.0,2.6
6,25,13.0,260.0,1.5
6,25,15.0,190.0,2.1
6,25,16.0,130.0,4.6
6,25,17.0,170.0,6.2
6,25,18.0,180.0,4.6
6,25,19.0,210.0,4.1
6,25,20.0,210.0,2.6
6,25,21.0,120.0,3.6
6,25,22.0,250.0,4.1
6,25,23.0,270.0,4.6
6,26,1.0,260.0,5.1
6,26,2.0,240.0,4.1
6,26,3.0,240.0,2.1
6,26,4.0,50.0,6.2
6,26,6.0,200.0,2.6
6,26,7.0,180.0,2.1
6,26,12.0,250.0,2.6
6,26,15.0,290.0,2.1
6,26,19.0,270.0,2.1
6,26,20.0,210.0,3.6
6,26,22.0,280.0,4.1
6,27,1.0,220.0,4.6
6,27,2.0,230.0,4.6
6,27,3.0,250.0,5.1
6,27,4.0,280.0,1.5
6,27,7.0,140.0,1.5
6,27,9.0,20.0,1.5
6,27,11.0,110.0,2.1
6,27,12.0,150.0,3.1
6,27,14.0,130.0,2.1
6,27,15.0,150.0,3.6
6,27,16.0,150.0,3.1
6,27,17.0,170.0,3.1
6,27,18.0,190.0,3.1
6,27,19.0,170.0,3.6
6,27,20.0,200.0,4.1
6,27,21.0,200.0,5.1
6,27,22.0,270.0,5.1
6,27,23.0,240.0,2.6
6,28,1.0,230.0,4.6
6,28,2.0,240.0,3.6
6,28,3.0,210.0,2.1
6,28,4.0,220.0,2.6
6,28,6.0,220.0,2.6
6,28,7.0,250.0,3.1
6,28,8.0,300.0,1.5
6,28,9.0,30.0,1.5
6,28,10.0,20.0,2.1
6,28,12.0,20.0,2.1
6,28,13.0,50.0,1.5
6,28,15.0,140.0,2.1
6,28,19.0,200.0,4.6
6,28,20.0,210.0,3.1
6,28,21.0,280.0,3.6
6,28,22.0,240.0,5.7
6,28,23.0,230.0,3.1
6,29,1.0,260.0,4.6
6,29,2.0,250.0,3.6
6,29,3.0,270.0,2.6
6,29,4.0,260.0,1.5
6,29,5.0,250.0,2.1
6,29,6.0,250.0,3.6
6,29,8.0,290.0,1.5
6,29,11.0,200.0,2.1
6,29,15.0,130.0,4.1
6,29,17.0,150.0,3.6
6,29,19.0,210.0,1.5
6,30,1.0,290.0,2.6
6,30,3.0,300.0,1.5
6,30,5.0,280.0,1.5
6,30,6.0,330.0,1.5
6,30,7.0,330.0,2.1
6,30,8.0,30.0,2.6
6,30,10.0,220.0,1.5
6,30,15.0,130.0,2.1
6,30,17.0,160.0,3.6
6,30,20.0,170.0,2.6
6,30,21.0,200.0,4.1
6,30,22.0,280.0,2.6
6,30,23.0,180.0,2.6
7,1,2.0,170.0,2.1
7,1,6.0,10.0,1.5
7,1,9.0,60.0,1.5
7,1,15.0,130.0,2.6
7,1,16.0,150.0,4.1
7,1,17.0,190.0,3.1
7,1,22.0,180.0,4.1
7,2,2.0,250.0,4.1
7,2,3.0,250.0,3.6
7,2,4.0,250.0,4.6
7,2,7.0,280.0,2.6
7,2,8.0,350.0,1.5
7,2,9.0,10.0,2.1
7,2,10.0,10.0,2.1
7,2,11.0,20.0,2.1
7,2,15.0,140.0,2.1
7,2,16.0,150.0,3.1
7,2,17.0,140.0,4.1
7,2,18.0,150.0,3.6
7,2,19.0,120.0,3.6
7,2,21.0,50.0,1.5
7,3,1.0,280.0,4.1
7,3,2.0,260.0,3.6
7,3,3.0,260.0,4.1
7,3,4.0,260.0,2.1
7,3,5.0,260.0,2.1
7,3,6.0,270.0,2.1
7,3,7.0,280.0,2.1
7,3,8.0,350.0,1.5
7,3,10.0,270.0,1.5
7,3,11.0,260.0,1.5
7,3,13.0,50.0,3.1
7,3,14.0,350.0,1.5
7,3,15.0,310.0,1.5
7,3,16.0,250.0,3.6
7,3,19.0,180.0,3.6
7,3,20.0,180.0,2.6
7,3,21.0,250.0,4.6
7,3,22.0,230.0,3.1
7,3,23.0,290.0,3.1
7,4,1.0,240.0,4.6
7,4,2.0,250.0,4.1
7,4,3.0,270.0,2.6
7,4,4.0,230.0,2.6
7,4,6.0,360.0,1.5
7,4,8.0,250.0,2.6
7,4,9.0,290.0,2.1
7,4,14.0,140.0,2.1
7,4,15.0,160.0,3.1
7,4,16.0,230.0,3.6
7,4,18.0,140.0,2.1
7,4,20.0,200.0,3.1
7,4,21.0,250.0,4.6
7,4,22.0,250.0,3.6
7,4,23.0,290.0,3.1
7,5,1.0,240.0,4.1
7,5,2.0,240.0,4.1
7,5,3.0,250.0,3.1
7,5,4.0,260.0,1.5
7,5,5.0,260.0,1.5
7,5,13.0,150.0,2.6
7,5,15.0,180.0,1.5
7,5,17.0,260.0,3.6
7,5,20.0,280.0,2.6
7,5,21.0,230.0,3.6
7,5,23.0,280.0,2.6
7,6,1.0,230.0,4.1
7,6,2.0,240.0,4.1
7,6,3.0,230.0,3.6
7,6,4.0,250.0,4.1
7,6,5.0,260.0,2.1
7,6,8.0,110.0,2.6
7,6,9.0,20.0,1.5
7,6,10.0,220.0,2.1
7,6,11.0,110.0,2.6
7,6,12.0,120.0,2.1
7,6,13.0,120.0,1.5
7,6,14.0,160.0,1.5
7,6,15.0,210.0,2.1
7,6,16.0,260.0,2.6
7,6,19.0,270.0,3.1
7,6,21.0,310.0,2.1
7,6,23.0,280.0,3.6
7,7,2.0,260.0,1.5
7,7,6.0,120.0,1.5
7,7,8.0,60.0,2.6
7,7,11.0,290.0,1.5
7,7,13.0,40.0,2.1
7,7,14.0,50.0,1.5
7,7,15.0,210.0,1.5
7,7,16.0,160.0,3.1
7,7,20.0,170.0,3.6
7,7,21.0,150.0,3.6
7,7,22.0,160.0,3.6
7,7,23.0,240.0,2.6
7,8,2.0,130.0,1.5
7,8,4.0,30.0,3.6
7,8,5.0,60.0,4.6
7,8,6.0,50.0,4.1
7,8,7.0,250.0,3.1
7,8,10.0,70.0,3.6
7,8,11.0,70.0,2.6
7,8,12.0,100.0,3.1
7,8,13.0,100.0,4.6
7,8,14.0,130.0,2.6
7,8,15.0,150.0,4.1
7,8,16.0,160.0,4.1
7,8,17.0,170.0,4.6
7,8,18.0,140.0,4.6
7,8,19.0,200.0,4.1
7,8,20.0,140.0,3.6
7,8,21.0,240.0,2.1
7,8,23.0,140.0,2.6
7,9,1.0,30.0,7.7
7,9,2.0,40.0,4.1
7,9,3.0,360.0,2.1
7,9,4.0,30.0,4.6
7,9,5.0,290.0,2.6
7,9,6.0,250.0,2.6
7,9,7.0,260.0,5.7
7,9,8.0,250.0,2.1
7,9,9.0,280.0,2.1
7,9,10.0,220.0,2.1
7,9,12.0,240.0,5.1
7,9,13.0,290.0,3.1
7,9,14.0,280.0,2.1
7,9,15.0,280.0,2.1
7,9,16.0,240.0,2.1
7,9,22.0,240.0,5.1
7,9,23.0,220.0,5.7
7,10,1.0,230.0,4.6
7,10,2.0,240.0,4.1
7,10,3.0,230.0,4.1
7,10,4.0,250.0,4.1
7,10,5.0,250.0,6.2
7,10,6.0,250.0,3.6
7,10,7.0,300.0,2.1
7,10,8.0,30.0,3.1
7,10,9.0,20.0,2.1
7,10,10.0,350.0,2.1
7,10,12.0,290.0,2.1
7,10,13.0,360.0,2.1
7,10,14.0,60.0,1.5
7,10,15.0,150.0,2.6
7,10,16.0,230.0,4.1
7,10,17.0,280.0,3.1
7,10,20.0,220.0,3.6
7,10,21.0,280.0,3.6
7,10,22.0,300.0,4.1
7,10,23.0,250.0,3.6
7,11,1.0,250.0,5.1
7,11,2.0,250.0,6.7
7,11,3.0,320.0,2.1
7,11,4.0,300.0,2.1
7,11,5.0,270.0,2.6
7,11,6.0,240.0,1.5
7,11,7.0,120.0,3.6
7,11,8.0,140.0,4.6
7,11,9.0,150.0,3.1
7,11,10.0,120.0,2.6
7,11,11.0,170.0,3.6
7,11,12.0,160.0,2.6
7,11,13.0,130.0,2.1
7,11,14.0,130.0,3.6
7,11,16.0,130.0,3.1
7,11,17.0,150.0,3.1
7,11,18.0,240.0,1.5
7,11,20.0,190.0,4.6
7,11,21.0,260.0,2.6
7,12,2.0,80.0,2.6
7,12,3.0,30.0,6.7
7,12,4.0,30.0,5.7
7,12,5.0,30.0,5.7
7,12,6.0,300.0,2.6
7,12,7.0,300.0,2.6
7,12,8.0,130.0,1.5
7,12,15.0,180.0,2.1
7,12,16.0,180.0,1.5
7,12,18.0,200.0,3.1
7,12,19.0,290.0,2.6
7,12,21.0,230.0,4.6
7,12,22.0,280.0,3.6
7,12,23.0,280.0,3.6
7,13,1.0,250.0,5.1
7,13,2.0,80.0,4.6
7,13,4.0,310.0,1.5
7,13,6.0,250.0,2.1
7,13,8.0,240.0,2.1
7,13,15.0,140.0,2.1
7,13,16.0,180.0,2.1
7,13,18.0,200.0,3.1
7,13,19.0,260.0,2.6
7,13,21.0,240.0,2.6
7,13,22.0,240.0,5.7
7,14,1.0,290.0,2.6
7,14,5.0,170.0,1.5
7,14,7.0,150.0,5.7
7,14,8.0,150.0,4.1
7,14,9.0,120.0,3.6
7,14,10.0,120.0,3.6
7,14,11.0,130.0,3.1
7,14,12.0,120.0,1.5
7,14,13.0,120.0,2.1
7,14,14.0,140.0,2.1
7,14,15.0,130.0,1.5
7,14,18.0,140.0,2.1
7,14,19.0,250.0,2.6
7,14,21.0,230.0,3.6
7,14,22.0,230.0,2.1
7,14,23.0,240.0,3.6
7,15,1.0,340.0,4.6
7,15,3.0,130.0,3.6
7,15,4.0,120.0,4.1
7,15,6.0,190.0,2.1
7,15,7.0,190.0,2.1
7,15,8.0,120.0,1.5
7,15,9.0,90.0,3.1
7,15,10.0,120.0,2.6
7,15,11.0,200.0,1.5
7,15,12.0,150.0,1.5
7,15,14.0,180.0,3.1
7,15,15.0,170.0,2.6
7,15,16.0,160.0,3.1
7,15,17.0,180.0,3.1
7,15,19.0,160.0,3.1
7,15,20.0,270.0,3.1
7,15,22.0,290.0,4.1
7,16,2.0,360.0,4.6
7,16,4.0,270.0,2.6
7,16,6.0,300.0,2.6
7,16,7.0,120.0,2.6
7,16,8.0,120.0,4.1
7,16,9.0,100.0,4.1
7,16,10.0,110.0,3.6
7,16,11.0,130.0,2.1
7,16,13.0,190.0,1.5
7,16,14.0,200.0,1.5
7,16,15.0,130.0,1.5
7,16,16.0,170.0,2.1
7,16,20.0,190.0,2.1
7,16,21.0,170.0,2.6
7,16,23.0,250.0,3.1
7,17,1.0,270.0,3.1
7,17,2.0,260.0,3.6
7,17,3.0,220.0,3.6
7,17,4.0,180.0,1.5
7,17,5.0,100.0,7.7
7,17,6.0,50.0,5.7
7,17,7.0,190.0,1.5
7,17,8.0,70.0,3.6
7,17,9.0,100.0,3.1
7,17,10.0,260.0,1.5
7,17,11.0,250.0,2.1
7,17,14.0,170.0,1.5
7,17,15.0,120.0,2.1
7,17,16.0,120.0,2.1
7,17,19.0,190.0,2.1
7,17,20.0,200.0,3.1
7,17,23.0,150.0,2.6
7,18,1.0,220.0,4.6
7,18,2.0,210.0,2.1
7,18,3.0,190.0,1.5
7,18,4.0,160.0,1.5
7,18,5.0,150.0,1.5
7,18,6.0,140.0,2.6
7,18,7.0,140.0,4.1
7,18,8.0,140.0,5.7
7,18,9.0,130.0,3.6
7,18,10.0,100.0,2.1
7,18,11.0,160.0,2.1
7,18,12.0,150.0,2.1
7,18,13.0,100.0,2.1
7,18,14.0,110.0,2.1
7,18,21.0,190.0,3.1
7,18,23.0,120.0,3.6
7,19,1.0,130.0,1.5
7,19,2.0,350.0,2.6
7,19,3.0,10.0,3.1
7,19,5.0,220.0,2.6
7,19,10.0,220.0,1.5
7,19,12.0,210.0,2.1
7,19,16.0,190.0,2.6
7,19,17.0,200.0,2.6
7,19,20.0,290.0,3.1
7,19,22.0,230.0,9.3
7,19,23.0,250.0,7.2
7,20,1.0,290.0,5.1
7,20,2.0,330.0,4.6
7,20,3.0,330.0,2.6
7,20,4.0,310.0,2.6
7,20,5.0,260.0,1.5
7,20,6.0,240.0,1.5
7,20,7.0,120.0,4.6
7,20,8.0,150.0,3.6
7,20,9.0,150.0,3.1
7,20,12.0,210.0,1.5
7,20,13.0,140.0,1.5
7,20,14.0,140.0,2.6
7,20,16.0,140.0,1.5
7,20,17.0,160.0,1.5
7,20,19.0,230.0,2.6
7,20,20.0,250.0,4.1
7,20,21.0,270.0,4.1
7,20,22.0,290.0,3.1
7,20,23.0,260.0,3.6
7,21,1.0,290.0,2.6
7,21,2.0,260.0,6.7
7,21,4.0,20.0,2.6
7,21,5.0,140.0,5.1
7,21,6.0,130.0,3.1
7,21,7.0,150.0,2.1
7,21,8.0,130.0,2.1
7,21,9.0,130.0,2.1
7,21,10.0,150.0,2.1
7,21,11.0,110.0,1.5
7,21,14.0,120.0,2.1
7,21,15.0,130.0,2.6
7,21,16.0,110.0,1.5
7,21,18.0,210.0,4.1
7,21,21.0,190.0,2.6
7,22,2.0,110.0,4.1
7,22,3.0,130.0,2.1
7,22,4.0,130.0,2.1
7,22,6.0,260.0,1.5
7,22,7.0,230.0,2.1
7,22,8.0,160.0,2.1
7,22,9.0,140.0,2.1
7,22,11.0,180.0,2.6
7,22,16.0,180.0,2.6
7,22,17.0,220.0,3.1
7,22,21.0,250.0,3.6
7,23,1.0,30.0,2.6
7,23,3.0,200.0,1.5
7,23,6.0,110.0,1.5
7,23,7.0,120.0,2.6
7,23,8.0,140.0,2.1
7,23,9.0,130.0,1.5
7,23,10.0,140.0,1.5
7,23,12.0,160.0,1.5
7,23,13.0,120.0,2.1
7,23,15.0,150.0,1.5
7,23,17.0,130.0,2.6
7,23,20.0,230.0,2.1
7,24,2.0,50.0,7.7
7,24,3.0,140.0,6.2
7,24,4.0,130.0,4.6
7,24,7.0,200.0,1.5
7,24,8.0,110.0,2.1
7,24,9.0,140.0,1.5
7,24,10.0,310.0,1.5
7,24,12.0,230.0,1.5
7,24,14.0,120.0,2.1
7,24,16.0,220.0,2.1
7,24,18.0,300.0,1.5
7,24,20.0,230.0,2.1
7,24,22.0,270.0,2.1
7,25,1.0,130.0,2.1
7,25,2.0,140.0,2.1
7,25,4.0,100.0,1.5
7,25,5.0,100.0,1.5
7,25,9.0,190.0,1.5
7,25,10.0,80.0,1.5
7,25,16.0,120.0,2.1
7,25,18.0,80.0,1.5
7,25,19.0,140.0,2.6
7,25,20.0,170.0,3.1
7,25,23.0,250.0,1.5
7,26,1.0,280.0,2.6
7,26,2.0,320.0,2.1
7,26,6.0,50.0,1.5
7,26,8.0,320.0,2.1
7,26,9.0,270.0,1.5
7,26,10.0,270.0,1.5
7,26,17.0,250.0,2.6
7,26,18.0,270.0,2.6
7,26,19.0,170.0,2.6
7,26,20.0,260.0,3.1
7,26,23.0,250.0,5.1
7,27,1.0,220.0,4.1
7,27,2.0,230.0,3.6
7,27,3.0,240.0,2.6
7,27,4.0,270.0,1.5
7,27,6.0,30.0,2.1
7,27,16.0,210.0,2.1
7,27,18.0,170.0,2.6
7,27,22.0,270.0,3.6
7,27,23.0,220.0,2.6
7,28,1.0,50.0,8.2
7,28,2.0,70.0,5.1
7,28,3.0,90.0,4.1
7,28,4.0,40.0,7.7
7,28,5.0,50.0,10.3
7,28,7.0,150.0,4.1
7,28,8.0,120.0,2.6
7,28,9.0,120.0,4.1
7,28,10.0,120.0,4.6
7,28,13.0,170.0,2.6
7,28,14.0,130.0,3.1
7,28,15.0,150.0,1.5
7,28,16.0,170.0,1.5
7,28,17.0,150.0,1.5
7,28,18.0,210.0,2.1
7,28,19.0,320.0,1.5
7,28,21.0,310.0,3.6
7,29,1.0,330.0,3.6
7,29,2.0,320.0,3.6
7,29,3.0,320.0,4.1
7,29,5.0,280.0,2.1
7,29,6.0,310.0,2.1
7,29,7.0,290.0,1.5
7,29,8.0,30.0,2.6
7,29,10.0,240.0,1.5
7,29,11.0,190.0,1.5
7,29,13.0,40.0,1.5
7,29,15.0,160.0,2.1
7,29,16.0,180.0,2.1
7,29,17.0,180.0,2.1
7,29,18.0,200.0,1.5
7,29,23.0,200.0,2.1
7,30,1.0,290.0,2.6
7,30,2.0,290.0,2.6
7,30,3.0,230.0,2.6
7,30,4.0,270.0,3.6
7,30,5.0,10.0,3.1
7,30,6.0,310.0,3.6
7,30,16.0,140.0,1.5
7,30,17.0,110.0,1.5
7,30,19.0,140.0,2.1
7,30,20.0,240.0,2.6
7,30,21.0,270.0,2.1
7,30,23.0,230.0,4.1
7,31,2.0,160.0,2.6
7,31,10.0,320.0,1.5
7,31,13.0,200.0,2.1
7,31,14.0,150.0,1.5
7,31,15.0,150.0,3.1
7,31,19.0,230.0,2.6
7,31,21.0,120.0,3.1
7,31,23.0,200.0,4.1
8,1,1.0,40.0,6.2
8,1,2.0,360.0,5.1
8,1,3.0,10.0,3.6
8,1,4.0,60.0,2.1
8,1,5.0,300.0,1.5
8,1,6.0,180.0,1.5
8,1,7.0,140.0,4.6
8,1,8.0,140.0,3.1
8,1,9.0,140.0,2.6
8,1,10.0,160.0,1.5
8,1,11.0,150.0,2.6
8,1,12.0,100.0,2.6
8,1,13.0,120.0,3.1
8,1,14.0,120.0,3.6
8,1,15.0,140.0,4.1
8,1,16.0,180.0,4.1
8,1,17.0,170.0,4.1
8,1,18.0,160.0,3.6
8,1,19.0,150.0,3.6
8,1,20.0,210.0,2.6
8,1,22.0,260.0,2.1
8,1,23.0,60.0,7.7
8,2,1.0,70.0,6.7
8,2,2.0,130.0,2.1
8,2,3.0,110.0,3.6
8,2,4.0,100.0,2.6
8,2,5.0,170.0,1.5
8,2,14.0,80.0,3.6
8,2,15.0,80.0,5.7
8,2,16.0,100.0,4.1
8,2,17.0,110.0,4.6
8,2,18.0,150.0,4.6
8,2,19.0,190.0,2.6
8,2,20.0,170.0,2.1
8,2,21.0,190.0,2.6
8,2,22.0,190.0,4.1
8,2,23.0,180.0,3.1
8,3,1.0,190.0,5.1
8,3,2.0,180.0,4.6
8,3,4.0,110.0,1.5
8,3,5.0,140.0,2.1
8,3,6.0,160.0,2.6
8,3,7.0,160.0,1.5
8,3,8.0,190.0,1.5
8,3,14.0,120.0,1.5
8,3,17.0,160.0,2.6
8,3,20.0,350.0,1.5
8,3,23.0,300.0,6.2
8,4,2.0,140.0,3.1
8,4,3.0,260.0,1.5
8,4,4.0,190.0,2.6
8,4,5.0,120.0,3.1
8,4,6.0,220.0,1.5
8,4,7.0,120.0,1.5
8,4,8.0,210.0,1.5
8,4,14.0,120.0,2.1
8,4,15.0,130.0,2.6
8,4,16.0,140.0,2.1
8,4,17.0,140.0,3.1
8,4,19.0,210.0,2.1
8,4,20.0,170.0,1.5
8,4,21.0,220.0,3.1
8,4,22.0,210.0,3.6
8,4,23.0,190.0,4.1
8,5,5.0,140.0,1.5
8,5,6.0,140.0,2.1
8,5,8.0,70.0,2.6
8,5,10.0,160.0,3.6
8,5,16.0,150.0,3.1
8,5,18.0,190.0,4.1
8,5,23.0,260.0,3.6
8,6,1.0,250.0,3.6
8,6,2.0,270.0,2.1
8,6,3.0,200.0,1.5
8,6,5.0,250.0,2.6
8,6,6.0,260.0,2.1
8,6,8.0,310.0,1.5
8,6,11.0,120.0,1.5
8,6,12.0,80.0,2.1
8,6,13.0,120.0,1.5
8,6,14.0,120.0,1.5
8,6,15.0,130.0,2.1
8,6,16.0,140.0,4.1
8,6,17.0,140.0,3.1
8,6,18.0,150.0,3.1
8,6,19.0,160.0,3.6
8,6,20.0,130.0,4.1
8,6,21.0,150.0,3.6
8,6,23.0,230.0,4.6
8,7,2.0,190.0,2.6
8,7,3.0,170.0,1.5
8,7,9.0,340.0,1.5
8,7,16.0,170.0,1.5
8,7,17.0,130.0,3.6
8,7,18.0,170.0,3.1
8,7,20.0,180.0,4.6
8,7,21.0,220.0,3.6
8,8,1.0,230.0,4.1
8,8,3.0,290.0,1.5
8,8,6.0,30.0,1.5
8,8,7.0,20.0,1.5
8,8,10.0,320.0,1.5
8,8,21.0,300.0,2.6
8,8,22.0,190.0,4.1
8,9,1.0,270.0,3.6
8,9,4.0,270.0,1.5
8,9,5.0,40.0,2.1
8,9,6.0,30.0,1.5
8,9,11.0,270.0,2.1
8,9,12.0,170.0,1.5
8,9,15.0,150.0,1.5
8,9,18.0,170.0,3.1
8,9,19.0,160.0,3.1
8,9,23.0,220.0,3.1
8,10,1.0,310.0,2.6
8,10,2.0,310.0,2.6
8,10,3.0,290.0,2.1
8,10,7.0,20.0,1.5
8,10,8.0,150.0,3.1
8,10,9.0,130.0,1.5
8,10,10.0,170.0,1.5
8,10,11.0,160.0,2.1
8,10,13.0,210.0,1.5
8,10,14.0,150.0,1.5
8,10,16.0,150.0,1.5
8,10,17.0,290.0,3.6
8,10,19.0,170.0,2.1
8,10,20.0,160.0,3.1
8,10,21.0,220.0,1.5
8,11,1.0,230.0,2.6
8,11,2.0,280.0,2.1
8,11,3.0,300.0,1.5
8,11,4.0,20.0,2.1
8,11,5.0,140.0,7.7
8,11,6.0,160.0,3.6
8,11,7.0,200.0,1.5
8,11,8.0,320.0,2.1
8,11,9.0,320.0,2.6
8,11,10.0,340.0,3.6
8,11,11.0,310.0,2.1
8,11,12.0,260.0,1.5
8,11,13.0,140.0,2.6
8,11,14.0,200.0,1.5
8,11,17.0,220.0,2.1
8,11,20.0,160.0,4.6
8,11,21.0,260.0,2.6
8,11,22.0,180.0,1.5
8,11,23.0,210.0,3.6
8,12,1.0,190.0,3.1
8,12,2.0,240.0,2.6
8,12,4.0,300.0,1.5
8,12,6.0,290.0,1.5
8,12,12.0,230.0,2.6
8,12,13.0,220.0,2.1
8,12,14.0,100.0,2.1
8,12,15.0,140.0,3.6
8,12,16.0,80.0,2.1
8,12,17.0,160.0,2.6
8,12,19.0,160.0,4.1
8,12,20.0,120.0,3.6
8,12,21.0,170.0,2.6
8,12,22.0,220.0,4.6
8,13,1.0,220.0,3.1
8,13,4.0,310.0,1.5
8,13,5.0,20.0,4.6
8,13,6.0,10.0,4.1
8,13,7.0,260.0,3.6
8,13,8.0,150.0,3.6
8,13,10.0,120.0,3.1
8,13,12.0,210.0,2.1
8,13,13.0,150.0,2.6
8,13,14.0,90.0,2.1
8,13,15.0,360.0,2.1
8,13,16.0,290.0,1.5
8,13,17.0,230.0,2.6
8,13,18.0,160.0,1.5
8,13,20.0,230.0,3.1
8,13,21.0,210.0,4.6
8,13,23.0,310.0,3.6
8,14,1.0,270.0,3.6
8,14,2.0,260.0,2.1
8,14,3.0,230.0,1.5
8,14,5.0,160.0,1.5
8,14,8.0,130.0,4.1
8,14,9.0,20.0,4.6
8,14,10.0,50.0,1.5
8,14,11.0,310.0,2.1
8,14,12.0,220.0,1.5
8,14,15.0,170.0,1.5
8,14,16.0,150.0,2.1
8,14,17.0,140.0,3.6
8,14,18.0,150.0,3.1
8,14,19.0,190.0,4.1
8,14,22.0,260.0,3.1
8,14,23.0,240.0,3.6
8,15,1.0,250.0,3.1
8,15,2.0,260.0,1.5
8,15,3.0,220.0,1.5
8,15,5.0,230.0,1.5
8,15,6.0,240.0,1.5
8,15,7.0,240.0,1.5
8,15,9.0,260.0,2.1
8,15,10.0,250.0,2.1
8,15,11.0,230.0,1.5
8,15,12.0,220.0,2.6
8,15,13.0,160.0,1.5
8,15,14.0,170.0,1.5
8,15,15.0,140.0,3.6
8,15,16.0,160.0,3.1
8,15,17.0,150.0,3.6
8,15,19.0,140.0,4.1
8,15,21.0,250.0,2.6
8,15,22.0,220.0,3.6
8,15,23.0,240.0,4.1
8,16,2.0,260.0,4.6
8,16,3.0,300.0,1.5
8,16,4.0,340.0,2.1
8,16,5.0,10.0,2.1
8,16,7.0,30.0,1.5
8,16,9.0,270.0,2.6
8,16,15.0,130.0,1.5
8,16,16.0,130.0,2.6
8,16,18.0,180.0,5.1
8,16,19.0,160.0,5.1
8,16,20.0,160.0,4.6
8,16,21.0,220.0,2.6
8,16,22.0,180.0,3.1
8,16,23.0,200.0,4.1
8,17,1.0,100.0,2.1
8,17,2.0,120.0,1.5
8,17,5.0,10.0,1.5
8,17,7.0,110.0,2.1
8,17,8.0,220.0,1.5
8,17,9.0,230.0,1.5
8,17,13.0,150.0,1.5
8,17,15.0,170.0,1.5
8,17,16.0,140.0,3.6
8,17,17.0,140.0,2.6
8,17,19.0,200.0,4.1
8,17,20.0,190.0,3.6
8,17,23.0,170.0,3.1
8,18,2.0,110.0,1.5
8,18,3.0,60.0,2.1
8,18,4.0,30.0,2.1
8,18,5.0,10.0,1.5
8,18,9.0,290.0,1.5
8,18,10.0,140.0,1.5
8,18,11.0,240.0,2.1
8,18,13.0,40.0,2.1
8,18,15.0,270.0,1.5
8,18,17.0,160.0,3.1
8,18,18.0,160.0,2.6
8,18,19.0,190.0,3.1
8,18,21.0,100.0,2.6
8,19,1.0,240.0,3.6
8,19,2.0,280.0,3.1
8,19,8.0,250.0,1.5
8,19,15.0,160.0,1.5
8,19,16.0,190.0,1.5
8,19,18.0,210.0,2.6
8,19,21.0,250.0,4.6
8,19,22.0,200.0,3.1
8,19,23.0,260.0,3.1
8,20,1.0,250.0,5.7
8,20,2.0,240.0,3.6
8,20,3.0,240.0,1.5
8,20,7.0,240.0,3.1
8,20,9.0,300.0,1.5
8,20,10.0,360.0,1.5
8,20,16.0,320.0,1.5
8,20,17.0,80.0,2.6
8,20,18.0,130.0,2.1
8,20,20.0,210.0,1.5
8,20,21.0,210.0,2.1
8,20,23.0,260.0,3.1
8,21,1.0,280.0,3.6
8,21,2.0,270.0,2.6
8,21,4.0,30.0,7.2
8,21,5.0,60.0,3.1
8,21,6.0,130.0,1.5
8,21,8.0,320.0,2.1
8,21,9.0,200.0,1.5
8,21,10.0,60.0,2.1
8,21,12.0,140.0,1.5
8,21,14.0,210.0,1.5
8,21,15.0,200.0,2.1
8,21,17.0,170.0,1.5
8,21,18.0,230.0,2.1
8,21,23.0,290.0,3.6
8,22,1.0,280.0,3.6
8,22,2.0,230.0,2.6
8,22,4.0,310.0,1.5
8,22,5.0,340.0,2.1
8,22,7.0,300.0,2.1
8,22,16.0,340.0,1.5
8,22,20.0,210.0,2.6
8,22,23.0,230.0,3.6
8,23,1.0,260.0,3.6
8,23,2.0,240.0,2.6
8,23,3.0,240.0,1.5
8,23,5.0,20.0,1.5
8,23,6.0,10.0,2.1
8,23,7.0,360.0,1.5
8,23,10.0,20.0,2.1
8,23,11.0,20.0,1.5
8,23,12.0,30.0,1.5
8,23,18.0,160.0,3.6
8,23,19.0,250.0,1.5
8,23,22.0,320.0,2.6
8,24,1.0,240.0,2.6
8,24,2.0,180.0,3.1
8,24,3.0,180.0,7.2
8,24,4.0,150.0,3.6
8,24,5.0,340.0,4.1
8,24,6.0,140.0,6.2
8,24,7.0,90.0,2.6
8,24,8.0,110.0,2.1
8,24,10.0,220.0,2.1
8,24,11.0,330.0,1.5
8,24,12.0,50.0,2.6
8,24,13.0,60.0,4.1
8,24,14.0,70.0,3.6
8,24,15.0,120.0,3.1
8,24,16.0,120.0,3.6
8,24,17.0,110.0,3.6
8,24,20.0,200.0,2.1
8,24,22.0,210.0,2.1
8,24,23.0,270.0,3.6
8,25,1.0,220.0,3.6
8,25,3.0,250.0,2.1
8,25,7.0,240.0,2.1
8,25,9.0,300.0,1.5
8,25,11.0,340.0,2.1
8,25,12.0,250.0,1.5
8,25,15.0,220.0,1.5
8,25,17.0,180.0,1.5
8,25,21.0,250.0,2.6
8,25,23.0,260.0,2.1
8,26,1.0,230.0,3.1
8,26,2.0,220.0,2.1
8,26,3.0,310.0,2.1
8,26,4.0,270.0,1.5
8,26,5.0,30.0,1.5
8,26,6.0,40.0,1.5
8,26,7.0,20.0,1.5
8,26,8.0,160.0,2.1
8,26,12.0,140.0,1.5
8,26,13.0,80.0,1.5
8,26,14.0,180.0,1.5
8,26,16.0,160.0,2.6
8,26,18.0,60.0,2.6
8,26,23.0,200.0,2.6
8,27,1.0,100.0,3.1
8,27,2.0,90.0,1.5
8,27,4.0,140.0,2.6
8,27,6.0,140.0,3.1
8,27,7.0,150.0,2.1
8,27,8.0,90.0,2.1
8,27,10.0,160.0,1.5
8,27,15.0,240.0,1.5
8,27,16.0,220.0,1.5
8,27,18.0,140.0,2.6
8,27,21.0,200.0,3.6
8,27,23.0,220.0,3.6
8,28,1.0,200.0,2.1
8,28,2.0,140.0,2.1
8,28,3.0,110.0,4.6
8,28,4.0,10.0,4.6
8,28,5.0,20.0,3.6
8,28,6.0,50.0,3.1
8,28,7.0,90.0,2.6
8,28,8.0,60.0,3.1
8,28,13.0,290.0,2.1
8,28,15.0,270.0,2.1
8,28,17.0,110.0,4.1
8,28,18.0,150.0,3.6
8,28,19.0,280.0,2.1
8,28,22.0,270.0,4.1
8,29,1.0,50.0,2.6
8,29,2.0,110.0,2.1
8,29,3.0,90.0,3.6
8,29,4.0,120.0,4.1
8,29,5.0,130.0,1.5
8,29,7.0,60.0,1.5
8,29,8.0,40.0,2.1
8,29,10.0,90.0,1.5
8,29,11.0,270.0,2.1
8,29,12.0,260.0,1.5
8,29,17.0,130.0,3.1
8,29,19.0,150.0,4.6
8,29,21.0,190.0,2.6
8,29,23.0,200.0,3.1
8,30,1.0,210.0,2.6
8,30,2.0,240.0,2.1
8,30,3.0,130.0,1.5
8,30,4.0,10.0,1.5
8,30,5.0,50.0,4.6
8,30,6.0,160.0,1.5
8,30,7.0,140.0,1.5
8,30,8.0,200.0,1.5
8,30,9.0,340.0,2.1
8,30,10.0,290.0,1.5
8,30,11.0,270.0,1.5
8,30,16.0,110.0,4.6
8,30,17.0,90.0,4.1
8,30,18.0,140.0,4.6
8,30,19.0,130.0,3.6
8,30,22.0,190.0,4.6
8,31,2.0,220.0,1.5
8,31,5.0,130.0,3.1
8,31,7.0,140.0,1.5
8,31,16.0,70.0,5.7
8,31,17.0,90.0,3.6
8,31,18.0,110.0,3.6
8,31,19.0,140.0,4.6
8,31,20.0,190.0,3.6
8,31,21.0,140.0,5.1
8,31,22.0,160.0,4.6
8,31,23.0,150.0,2.6
9,1,1.0,190.0,2.1
9,1,3.0,210.0,1.5
9,1,4.0,10.0,2.1
9,1,5.0,10.0,3.1
9,1,6.0,30.0,1.5
9,1,13.0,270.0,2.1
9,1,14.0,230.0,1.5
9,1,15.0,190.0,1.5
9,1,17.0,210.0,1.5
9,1,19.0,190.0,3.6
9,1,20.0,150.0,3.1
9,1,22.0,160.0,3.6
9,1,23.0,220.0,3.1
9,2,1.0,210.0,3.1
9,2,2.0,250.0,2.6
9,2,4.0,10.0,2.1
9,2,6.0,360.0,2.6
9,2,8.0,150.0,1.5
9,2,9.0,160.0,2.1
9,2,10.0,110.0,2.6
9,2,12.0,160.0,1.5
9,2,15.0,310.0,1.5
9,2,16.0,290.0,1.5
9,2,17.0,310.0,1.5
9,2,20.0,240.0,2.6
9,2,21.0,170.0,3.6
9,2,22.0,180.0,3.6
9,2,23.0,210.0,2.6
9,3,1.0,200.0,2.6
9,3,3.0,260.0,3.1
9,3,4.0,250.0,2.1
9,3,6.0,290.0,2.1
9,3,8.0,240.0,2.1
9,3,15.0,320.0,1.5
9,3,21.0,190.0,3.1
9,3,22.0,240.0,5.1
9,3,23.0,250.0,3.1
9,4,1.0,250.0,3.6
9,4,2.0,250.0,4.1
9,4,3.0,250.0,3.1
9,4,4.0,270.0,3.6
9,4,5.0,260.0,5.1
9,4,6.0,270.0,3.6
9,4,7.0,300.0,2.6
9,4,8.0,270.0,1.5
9,4,9.0,280.0,2.1
9,4,10.0,270.0,2.1
9,4,11.0,310.0,1.5
9,4,13.0,280.0,1.5
9,4,15.0,270.0,2.1
9,4,17.0,250.0,2.1
9,4,18.0,240.0,3.6
9,4,21.0,230.0,5.7
9,4,22.0,240.0,4.6
9,4,23.0,230.0,4.6
9,5,1.0,230.0,4.6
9,5,2.0,240.0,2.1
9,5,3.0,280.0,3.1
9,5,5.0,80.0,2.1
9,5,6.0,110.0,2.1
9,5,7.0,50.0,1.5
9,5,9.0,190.0,2.1
9,5,14.0,20.0,1.5
9,5,15.0,280.0,1.5
9,5,16.0,210.0,1.5
9,5,18.0,110.0,3.6
9,5,19.0,190.0,3.1
9,5,20.0,170.0,3.6
9,5,23.0,260.0,2.6
9,6,1.0,230.0,3.1
9,6,2.0,80.0,9.8
9,6,3.0,40.0,4.6
9,6,4.0,10.0,2.6
9,6,5.0,180.0,1.5
9,6,6.0,20.0,2.6
9,6,7.0,330.0,2.1
9,6,8.0,320.0,2.6
9,6,9.0,240.0,1.5
9,6,17.0,120.0,3.1
9,6,18.0,140.0,3.6
9,6,23.0,240.0,3.1
9,7,2.0,250.0,1.5
9,7,5.0,20.0,2.1
9,7,6.0,20.0,2.6
9,7,7.0,240.0,1.5
9,7,9.0,50.0,2.1
9,7,11.0,200.0,2.6
9,7,12.0,200.0,1.5
9,7,14.0,60.0,2.1
9,7,15.0,140.0,1.5
9,7,16.0,150.0,3.1
9,7,18.0,170.0,2.6
9,7,19.0,120.0,2.6
9,7,21.0,210.0,2.1
9,7,22.0,180.0,4.1
9,8,1.0,190.0,2.6
9,8,2.0,240.0,4.6
9,8,3.0,220.0,4.6
9,8,4.0,120.0,1.5
9,8,5.0,40.0,3.6
9,8,7.0,220.0,1.5
9,8,8.0,30.0,1.5
9,8,11.0,140.0,2.6
9,8,12.0,170.0,1.5
9,8,14.0,50.0,3.1
9,8,15.0,180.0,1.5
9,8,16.0,150.0,2.6
9,8,18.0,350.0,2.6
9,8,19.0,310.0,2.1
9,8,20.0,270.0,4.6
9,8,21.0,230.0,5.7
9,8,22.0,280.0,2.6
9,9,1.0,280.0,3.1
9,9,2.0,180.0,1.5
9,9,3.0,110.0,7.7
9,9,4.0,70.0,2.6
9,9,5.0,20.0,3.1
9,9,6.0,20.0,1.5
9,9,7.0,140.0,1.5
9,9,8.0,140.0,2.6
9,9,9.0,90.0,1.5
9,9,10.0,140.0,2.1
9,9,13.0,140.0,1.5
9,9,15.0,360.0,2.1
9,9,19.0,150.0,3.6
9,9,21.0,210.0,3.6
9,9,22.0,200.0,3.1
9,9,23.0,300.0,1.5
9,10,1.0,280.0,2.1
9,10,2.0,260.0,3.6
9,10,3.0,290.0,2.1
9,10,4.0,270.0,2.1
9,10,5.0,280.0,2.1
9,10,7.0,280.0,1.5
9,10,8.0,290.0,1.5
9,10,17.0,150.0,2.1
9,10,19.0,40.0,3.1
9,10,20.0,160.0,3.1
9,10,22.0,200.0,2.6
9,11,1.0,230.0,2.1
9,11,2.0,240.0,1.5
9,11,3.0,320.0,1.5
9,11,10.0,120.0,1.5
9,11,11.0,120.0,1.5
9,11,12.0,90.0,2.6
9,11,13.0,100.0,2.6
9,11,14.0,90.0,2.6
9,11,15.0,100.0,4.1
9,11,16.0,110.0,5.1
9,11,17.0,120.0,4.6
9,11,18.0,110.0,3.1
9,11,19.0,190.0,2.6
9,11,20.0,170.0,4.6
9,11,21.0,190.0,4.1
9,11,22.0,250.0,2.6
9,12,1.0,280.0,2.6
9,12,2.0,270.0,1.5
9,12,3.0,290.0,1.5
9,12,5.0,350.0,2.1
9,12,6.0,360.0,1.5
9,12,7.0,10.0,1.5
9,12,8.0,280.0,2.1
9,12,9.0,260.0,1.5
9,12,12.0,50.0,1.5
9,12,15.0,150.0,1.5
9,12,16.0,150.0,1.5
9,12,17.0,160.0,2.6
9,12,18.0,200.0,2.6
9,12,19.0,210.0,3.6
9,13,1.0,260.0,4.1
9,13,2.0,230.0,3.1
9,13,3.0,250.0,2.1
9,13,6.0,290.0,1.5
9,13,8.0,280.0,2.1
9,13,10.0,350.0,1.5
9,13,11.0,340.0,2.1
9,13,12.0,290.0,1.5
9,13,14.0,200.0,2.1
9,13,15.0,190.0,2.1
9,13,16.0,110.0,2.6
9,13,18.0,180.0,2.6
9,13,19.0,130.0,2.1
9,13,20.0,270.0,4.1
9,13,21.0,250.0,3.6
9,13,22.0,260.0,4.6
9,13,23.0,260.0,4.6
9,14,1.0,240.0,4.1
9,14,2.0,250.0,2.6
9,14,3.0,230.0,3.1
9,14,4.0,220.0,1.5
9,14,5.0,250.0,1.5
9,14,6.0,250.0,2.1
9,14,7.0,240.0,2.1
9,14,9.0,100.0,1.5
9,14,12.0,100.0,2.1
9,14,13.0,120.0,1.5
9,14,14.0,130.0,2.1
9,14,15.0,150.0,2.6
9,14,16.0,150.0,3.1
9,14,18.0,200.0,5.7
9,14,21.0,260.0,4.1
9,14,22.0,240.0,5.1
9,14,23.0,260.0,6.7
9,15,1.0,260.0,7.7
9,15,2.0,250.0,5.7
9,15,3.0,250.0,3.1
9,15,4.0,240.0,3.6
9,15,5.0,240.0,4.6
9,15,6.0,250.0,3.6
9,15,7.0,220.0,2.1
9,15,8.0,240.0,2.1
9,15,11.0,110.0,1.5
9,15,12.0,100.0,2.1
9,15,13.0,100.0,1.5
9,15,15.0,140.0,2.6
9,15,16.0,150.0,4.6
9,15,17.0,180.0,3.6
9,15,19.0,210.0,3.1
9,15,22.0,210.0,4.6
9,16,1.0,290.0,3.6
9,16,2.0,270.0,3.1
9,16,3.0,280.0,2.1
9,16,4.0,260.0,1.5
9,16,6.0,270.0,1.5
9,16,9.0,130.0,1.5
9,16,12.0,110.0,1.5
9,16,16.0,140.0,4.1
9,16,17.0,150.0,3.6
9,16,19.0,200.0,3.6
9,16,20.0,150.0,3.6
9,16,21.0,180.0,4.1
9,16,22.0,150.0,3.1
9,16,23.0,190.0,4.6
9,17,3.0,340.0,1.5
9,17,4.0,10.0,2.1
9,17,8.0,30.0,2.1
9,17,12.0,240.0,2.6
9,17,13.0,170.0,2.1
9,17,15.0,110.0,1.5
9,17,16.0,150.0,2.1
9,17,17.0,210.0,2.6
9,17,19.0,170.0,4.1
9,17,20.0,240.0,3.6
9,17,23.0,320.0,2.6
9,18,1.0,300.0,2.1
9,18,2.0,290.0,2.1
9,18,3.0,290.0,1.5
9,18,4.0,10.0,2.1
9,18,6.0,20.0,1.5
9,18,10.0,90.0,1.5
9,18,16.0,150.0,3.1
9,18,17.0,160.0,3.1
9,18,19.0,130.0,3.1
9,18,23.0,190.0,2.1
9,19,2.0,310.0,1.5
9,19,4.0,30.0,2.1
9,19,10.0,80.0,1.5
9,19,15.0,170.0,1.5
9,19,16.0,150.0,2.6
9,19,17.0,180.0,3.6
9,19,18.0,190.0,4.6
9,19,19.0,170.0,4.6
9,19,20.0,190.0,3.1
9,19,21.0,230.0,4.6
9,19,22.0,240.0,4.6
9,19,23.0,250.0,4.1
9,20,1.0,240.0,4.6
9,20,2.0,270.0,2.6
9,20,3.0,250.0,3.1
9,20,4.0,250.0,2.6
9,20,5.0,260.0,2.6
9,20,7.0,90.0,2.1
9,20,8.0,130.0,1.5
9,20,11.0,80.0,1.5
9,20,12.0,110.0,1.5
9,20,13.0,100.0,1.5
9,20,14.0,110.0,1.5
9,20,15.0,110.0,2.6
9,20,16.0,130.0,3.6
9,20,17.0,140.0,5.1
9,20,18.0,160.0,5.1
9,20,19.0,150.0,4.1
9,20,21.0,220.0,4.6
9,20,22.0,170.0,5.7
9,21,1.0,250.0,2.1
9,21,2.0,300.0,1.5
9,21,3.0,260.0,3.6
9,21,4.0,270.0,3.1
9,21,6.0,330.0,1.5
9,21,7.0,100.0,2.1
9,21,8.0,120.0,2.6
9,21,9.0,150.0,1.5
9,21,10.0,100.0,2.1
9,21,14.0,130.0,2.6
9,21,15.0,140.0,2.6
9,21,18.0,160.0,4.6
9,21,19.0,180.0,3.6
9,21,21.0,250.0,4.1
9,21,22.0,190.0,3.6
9,21,23.0,220.0,5.7
9,22,1.0,230.0,5.1
9,22,2.0,250.0,4.1
9,22,3.0,240.0,4.6
9,22,4.0,230.0,4.1
9,22,5.0,250.0,4.1
9,22,6.0,240.0,4.1
9,22,7.0,200.0,2.1
9,22,8.0,230.0,2.6
9,22,9.0,250.0,2.1
9,22,10.0,260.0,3.1
9,22,12.0,130.0,1.5
9,22,13.0,100.0,1.5
9,22,14.0,250.0,1.5
9,22,16.0,160.0,2.6
9,22,17.0,180.0,3.1
9,22,19.0,260.0,4.1
9,22,20.0,190.0,3.6
9,22,21.0,170.0,1.5
9,22,23.0,280.0,3.6
9,23,1.0,270.0,4.1
9,23,2.0,280.0,3.1
9,23,3.0,260.0,3.1
9,23,4.0,300.0,2.1
9,23,6.0,240.0,1.5
9,23,7.0,280.0,1.5
9,23,10.0,300.0,1.5
9,23,11.0,70.0,1.5
9,23,16.0,130.0,1.5
9,23,18.0,210.0,2.6
9,23,19.0,270.0,2.1
9,23,20.0,250.0,4.1
9,23,21.0,260.0,5.1
9,23,22.0,210.0,3.1
9,23,23.0,250.0,6.2
9,24,1.0,250.0,3.6
9,24,2.0,250.0,2.1
9,24,9.0,320.0,1.5
9,24,13.0,340.0,1.5
9,24,16.0,150.0,1.5
9,24,17.0,230.0,2.1
9,24,20.0,230.0,3.1
9,24,21.0,240.0,3.6
9,24,22.0,300.0,2.6
9,24,23.0,290.0,2.1
9,25,1.0,230.0,2.6
9,25,5.0,290.0,1.5
9,25,17.0,230.0,2.1
9,25,18.0,200.0,2.6
9,26,1.0,220.0,3.1
9,26,2.0,250.0,2.1
9,26,4.0,20.0,2.1
9,26,5.0,20.0,1.5
9,26,6.0,40.0,1.5
9,26,8.0,20.0,1.5
9,26,18.0,200.0,2.1
9,26,19.0,180.0,2.6
9,26,21.0,210.0,2.1
9,26,23.0,280.0,2.6
9,27,1.0,280.0,2.6
9,27,2.0,280.0,2.1
9,27,5.0,360.0,1.5
9,27,6.0,350.0,1.5
9,27,13.0,120.0,1.5
9,27,16.0,150.0,2.1
9,27,17.0,190.0,1.5
9,27,19.0,170.0,1.5
9,27,20.0,270.0,4.1
9,27,21.0,270.0,3.6
9,27,22.0,170.0,2.1
9,27,23.0,230.0,4.1
9,28,1.0,260.0,3.6
9,28,2.0,250.0,1.5
9,28,3.0,290.0,1.5
9,28,4.0,20.0,1.5
9,28,6.0,30.0,1.5
9,28,8.0,340.0,1.5
9,28,11.0,190.0,1.5
9,28,15.0,280.0,1.5
9,28,19.0,160.0,2.6
9,28,22.0,260.0,2.6
9,28,23.0,200.0,3.1
9,29,1.0,260.0,1.5
9,29,2.0,260.0,2.1
9,29,4.0,20.0,2.1
9,29,5.0,30.0,1.5
9,29,6.0,30.0,2.1
9,29,11.0,20.0,1.5
9,29,14.0,260.0,1.5
9,29,16.0,230.0,1.5
9,29,18.0,200.0,2.1
9,29,20.0,220.0,4.1
9,29,21.0,190.0,2.6
9,29,23.0,260.0,3.6
9,30,1.0,250.0,3.6
9,30,2.0,270.0,2.1
9,30,3.0,300.0,2.1
9,30,5.0,360.0,1.5
9,30,12.0,50.0,2.1
9,30,16.0,280.0,1.5
9,30,17.0,170.0,2.1
9,30,19.0,210.0,3.1
9,30,20.0,290.0,2.6
9,30,21.0,230.0,3.6
9,30,22.0,200.0,4.6
9,30,23.0,240.0,5.7
10,1,1.0,250.0,3.6
10,1,2.0,260.0,2.1
10,1,5.0,40.0,1.5
10,1,10.0,70.0,1.5
10,1,13.0,190.0,2.1
10,1,17.0,100.0,3.6
10,1,18.0,190.0,4.1
10,1,19.0,190.0,4.1
10,1,20.0,170.0,3.6
10,2,1.0,270.0,3.1
10,2,8.0,60.0,1.5
10,2,9.0,110.0,2.1
10,2,10.0,120.0,1.5
10,2,14.0,140.0,2.6
10,2,16.0,140.0,3.1
10,2,19.0,220.0,1.5
10,2,23.0,280.0,3.1
10,3,1.0,250.0,4.1
10,3,2.0,270.0,2.1
10,3,10.0,80.0,1.5
10,3,12.0,120.0,1.5
10,3,16.0,140.0,2.6
10,3,17.0,150.0,4.1
10,3,18.0,150.0,3.6
10,3,20.0,140.0,4.1
10,3,21.0,150.0,4.6
10,3,22.0,180.0,4.1
10,3,23.0,190.0,4.6
10,4,3.0,280.0,1.5
10,4,5.0,360.0,1.5
10,4,6.0,30.0,1.5
10,4,8.0,250.0,1.5
10,4,10.0,340.0,1.5
10,4,17.0,200.0,2.1
10,4,18.0,170.0,2.1
10,4,19.0,220.0,2.1
10,4,21.0,260.0,2.6
10,4,22.0,180.0,2.1
10,4,23.0,230.0,2.6
10,5,1.0,290.0,2.1
10,5,2.0,310.0,2.1
10,5,4.0,360.0,2.1
10,5,5.0,360.0,1.5
10,5,7.0,280.0,1.5
10,5,16.0,150.0,1.5
10,5,20.0,230.0,3.6
10,5,21.0,250.0,3.6
10,5,22.0,260.0,3.6
10,6,1.0,240.0,2.6
10,6,2.0,280.0,1.5
10,6,5.0,30.0,2.6
10,6,10.0,70.0,1.5
10,6,13.0,50.0,1.5
10,6,16.0,200.0,2.1
10,6,21.0,260.0,4.1
10,6,22.0,230.0,5.1
10,6,23.0,260.0,3.1
10,7,1.0,220.0,2.6
10,7,3.0,290.0,1.5
10,7,7.0,340.0,1.5
10,7,10.0,270.0,2.1
10,7,19.0,260.0,2.1
10,7,20.0,260.0,4.1
10,7,22.0,250.0,4.1
10,7,23.0,260.0,3.6
10,8,1.0,230.0,1.5
10,8,4.0,30.0,2.1
10,8,5.0,20.0,1.5
10,8,16.0,170.0,1.5
10,8,17.0,150.0,2.1
10,8,18.0,150.0,2.6
10,8,19.0,160.0,3.6
10,8,20.0,220.0,2.6
10,8,21.0,90.0,2.1
10,8,22.0,260.0,3.1
10,8,23.0,240.0,3.1
10,9,1.0,250.0,2.1
10,9,4.0,200.0,1.5
10,9,6.0,310.0,1.5
10,9,7.0,10.0,2.6
10,9,8.0,10.0,2.1
10,9,10.0,70.0,1.5
10,9,12.0,340.0,2.6
10,9,13.0,290.0,1.5
10,9,16.0,290.0,2.1
10,9,18.0,60.0,3.6
10,9,19.0,140.0,2.1
10,9,20.0,320.0,2.6
10,9,21.0,70.0,3.6
10,9,22.0,260.0,4.1
10,9,23.0,250.0,3.6
10,10,1.0,230.0,2.1
10,10,3.0,60.0,7.7
10,10,4.0,60.0,8.2
10,10,5.0,50.0,10.8
10,10,6.0,50.0,11.3
10,10,7.0,50.0,9.8
10,10,8.0,50.0,8.8
10,10,9.0,40.0,3.1
10,10,10.0,80.0,3.1
10,10,11.0,70.0,4.6
10,10,13.0,360.0,3.1
10,10,17.0,200.0,2.1
10,10,19.0,70.0,2.1
10,10,20.0,130.0,3.6
10,10,21.0,110.0,3.6
10,10,22.0,60.0,4.1
10,11,1.0,60.0,1.5
10,11,2.0,10.0,2.1
10,11,3.0,60.0,1.5
10,11,4.0,70.0,2.1
10,11,13.0,270.0,1.5
10,11,15.0,280.0,1.5
10,11,17.0,150.0,4.1
10,11,18.0,130.0,3.1
10,11,19.0,110.0,3.1
10,11,20.0,160.0,4.1
10,11,21.0,120.0,2.1
10,11,23.0,240.0,4.1
10,12,3.0,10.0,1.5
10,12,5.0,60.0,2.1
10,12,9.0,30.0,1.5
10,12,14.0,40.0,1.5
10,12,16.0,210.0,1.5
10,12,17.0,150.0,3.1
10,12,18.0,190.0,2.1
10,12,21.0,270.0,2.6
10,13,1.0,270.0,1.5
10,13,3.0,10.0,1.5
10,13,4.0,40.0,2.1
10,13,5.0,30.0,1.5
10,13,18.0,170.0,2.1
10,13,19.0,180.0,2.6
10,13,21.0,150.0,2.6
10,13,22.0,240.0,3.1
10,14,1.0,270.0,2.6
10,14,4.0,30.0,1.5
10,14,11.0,50.0,1.5
10,14,17.0,230.0,2.1
10,14,22.0,110.0,1.5
10,14,23.0,230.0,3.6
10,15,1.0,250.0,1.5
10,15,3.0,60.0,2.1
10,15,4.0,40.0,1.5
10,15,5.0,30.0,2.1
10,15,7.0,40.0,2.1
10,15,8.0,360.0,3.6
10,15,9.0,330.0,3.6
10,15,10.0,320.0,2.1
10,15,15.0,290.0,1.5
10,15,17.0,250.0,2.6
10,15,23.0,210.0,2.6
10,16,1.0,260.0,1.5
10,16,2.0,320.0,1.5
10,16,3.0,10.0,3.1
10,16,4.0,340.0,1.5
10,16,5.0,330.0,2.1
10,16,17.0,130.0,2.6
10,16,18.0,130.0,3.6
10,16,20.0,130.0,4.6
10,16,21.0,90.0,2.6
10,16,22.0,100.0,3.1
10,16,23.0,140.0,2.6
10,17,1.0,230.0,1.5
10,17,3.0,360.0,2.6
10,17,4.0,10.0,3.1
10,17,5.0,30.0,2.6
10,17,17.0,270.0,2.1
10,17,20.0,150.0,2.6
10,17,21.0,90.0,2.1
10,17,23.0,160.0,2.6
10,18,1.0,220.0,1.5
10,18,5.0,10.0,1.5
10,18,17.0,280.0,1.5
10,18,19.0,220.0,2.1
10,18,20.0,190.0,2.6
10,18,22.0,250.0,3.6
10,18,23.0,240.0,3.1
10,19,5.0,30.0,2.1
10,19,16.0,230.0,1.5
10,19,17.0,180.0,2.1
10,19,18.0,160.0,4.1
10,19,19.0,140.0,3.6
10,19,20.0,170.0,3.6
10,19,21.0,130.0,3.1
10,19,22.0,190.0,3.6
10,19,23.0,200.0,3.6
10,20,1.0,270.0,2.1
10,20,2.0,270.0,2.1
10,20,3.0,260.0,2.1
10,20,4.0,270.0,2.6
10,20,7.0,40.0,2.6
10,20,10.0,80.0,1.5
10,20,11.0,150.0,2.1
10,20,12.0,130.0,1.5
10,20,15.0,180.0,1.5
10,20,16.0,140.0,3.1
10,20,17.0,140.0,2.6
10,20,18.0,190.0,4.1
10,20,19.0,190.0,4.1
10,20,21.0,210.0,2.1
10,20,22.0,200.0,6.2
10,20,23.0,250.0,5.1
10,21,1.0,230.0,5.7
10,21,2.0,240.0,4.1
10,21,3.0,250.0,2.1
10,21,4.0,250.0,3.1
10,21,5.0,260.0,2.1
10,21,6.0,250.0,1.5
10,21,7.0,220.0,3.1
10,21,8.0,210.0,1.5
10,21,10.0,300.0,1.5
10,21,13.0,330.0,1.5
10,21,21.0,240.0,3.1
10,21,22.0,260.0,4.1
10,21,23.0,230.0,3.1
10,22,4.0,30.0,2.1
10,22,10.0,330.0,2.1
10,22,13.0,40.0,1.5
10,22,16.0,260.0,1.5
10,22,17.0,270.0,1.5
10,22,19.0,280.0,2.1
10,22,23.0,260.0,2.6
10,23,2.0,330.0,1.5
10,23,4.0,50.0,1.5
10,23,12.0,30.0,1.5
10,23,14.0,60.0,1.5
10,23,17.0,250.0,2.1
10,23,18.0,200.0,1.5
10,23,21.0,240.0,2.1
10,23,22.0,330.0,2.6
10,23,23.0,280.0,2.6
10,24,2.0,320.0,1.5
10,24,8.0,340.0,2.6
10,24,9.0,360.0,3.1
10,24,10.0,360.0,4.1
10,24,11.0,340.0,3.1
10,24,12.0,350.0,2.1
10,24,13.0,360.0,3.1
10,24,14.0,350.0,3.6
10,24,15.0,10.0,3.1
10,24,17.0,100.0,2.6
10,24,18.0,130.0,2.6
10,24,19.0,140.0,3.6
10,24,20.0,140.0,2.6
10,24,21.0,150.0,3.6
10,24,22.0,160.0,2.6
10,24,23.0,120.0,2.6
10,25,1.0,160.0,1.5
10,25,2.0,110.0,1.5
10,25,3.0,30.0,2.1
10,25,4.0,90.0,3.1
10,25,6.0,80.0,2.1
10,25,9.0,240.0,2.1
10,25,10.0,240.0,2.1
10,25,17.0,90.0,3.6
10,25,18.0,70.0,5.7
10,25,19.0,100.0,4.6
10,25,20.0,130.0,3.6
10,25,21.0,140.0,4.6
10,25,22.0,120.0,1.5
10,25,23.0,140.0,2.1
10,26,1.0,260.0,1.5
10,26,3.0,20.0,2.1
10,26,4.0,10.0,2.6
10,26,17.0,170.0,2.1
10,26,18.0,160.0,2.6
10,26,19.0,170.0,2.6
10,26,22.0,230.0,4.1
10,26,23.0,240.0,3.6
10,27,1.0,230.0,1.5
10,27,4.0,50.0,1.5
10,27,5.0,60.0,1.5
10,27,10.0,340.0,1.5
10,27,12.0,170.0,1.5
10,27,13.0,60.0,2.1
10,27,14.0,60.0,2.1
10,27,16.0,220.0,2.1
10,27,17.0,200.0,1.5
10,27,22.0,200.0,2.1
10,27,23.0,220.0,2.1
10,28,3.0,30.0,1.5
10,28,5.0,40.0,2.6
10,28,16.0,250.0,1.5
10,28,17.0,260.0,1.5
10,28,21.0,200.0,2.1
10,28,23.0,200.0,2.6
10,29,1.0,270.0,2.1
10,29,3.0,30.0,1.5
10,29,5.0,20.0,1.5
10,29,6.0,280.0,1.5
10,29,9.0,30.0,1.5
10,29,11.0,270.0,1.5
10,29,12.0,260.0,1.5
10,29,13.0,40.0,1.5
10,29,15.0,240.0,1.5
10,29,21.0,180.0,2.6
10,29,23.0,210.0,2.1
10,30,3.0,30.0,1.5
10,30,4.0,30.0,1.5
10,30,5.0,40.0,1.5
10,30,10.0,70.0,2.1
10,30,11.0,230.0,1.5
10,30,14.0,60.0,1.5
10,30,17.0,160.0,1.5
10,30,18.0,140.0,3.1
10,30,19.0,130.0,2.1
10,30,20.0,150.0,3.6
10,30,21.0,150.0,3.1
10,30,22.0,180.0,2.1
10,30,23.0,210.0,1.5
10,31,2.0,330.0,1.5
10,31,5.0,20.0,1.5
10,31,8.0,100.0,2.6
10,31,9.0,120.0,1.5
10,31,13.0,130.0,1.5
10,31,16.0,140.0,2.1
10,31,17.0,130.0,3.1
10,31,18.0,140.0,3.1
10,31,19.0,210.0,3.1
10,31,22.0,140.0,2.1
10,31,23.0,160.0,1.5
11,1,3.0,20.0,2.1
11,1,4.0,30.0,1.5
11,1,6.0,300.0,1.5
11,1,15.0,330.0,1.5
11,1,16.0,40.0,1.5
11,1,17.0,110.0,3.1
11,1,18.0,150.0,3.6
11,1,20.0,180.0,4.1
11,1,23.0,180.0,1.5
11,2,1.0,300.0,1.5
11,2,2.0,300.0,1.5
11,2,6.0,320.0,1.5
11,2,7.0,350.0,1.5
11,2,17.0,170.0,2.1
11,3,2.0,70.0,1.5
11,3,4.0,320.0,1.5
11,3,6.0,40.0,1.5
11,3,13.0,150.0,2.1
11,3,16.0,170.0,2.1
11,3,17.0,150.0,3.1
11,3,18.0,170.0,3.1
11,3,19.0,160.0,2.6
11,4,1.0,340.0,2.1
11,4,7.0,270.0,1.5
11,4,13.0,260.0,1.5
11,4,14.0,270.0,1.5
11,4,17.0,140.0,3.1
11,4,18.0,160.0,2.6
11,4,19.0,130.0,2.6
11,4,20.0,120.0,2.1
11,4,23.0,350.0,2.1
11,5,3.0,270.0,1.5
11,5,7.0,300.0,1.5
11,5,15.0,80.0,1.5
11,5,16.0,80.0,1.5
11,5,19.0,180.0,3.1
11,5,21.0,190.0,3.1
11,5,22.0,170.0,3.1
11,5,23.0,170.0,2.6
11,6,6.0,30.0,1.5
11,6,7.0,40.0,1.5
11,6,10.0,150.0,1.5
11,6,16.0,190.0,1.5
11,6,17.0,170.0,2.1
11,6,18.0,150.0,1.5
11,6,19.0,170.0,3.6
11,6,20.0,190.0,3.6
11,6,21.0,210.0,2.1
11,6,22.0,210.0,2.6
11,7,3.0,10.0,1.5
11,7,18.0,190.0,1.5
11,7,19.0,120.0,1.5
11,7,20.0,220.0,1.5
11,8,5.0,50.0,2.1
11,8,6.0,260.0,1.5
11,8,7.0,250.0,2.1
11,8,14.0,30.0,1.5
11,8,17.0,50.0,2.6
11,8,18.0,230.0,3.6
11,8,22.0,200.0,2.6
11,8,23.0,260.0,2.1
11,9,1.0,210.0,1.5
11,9,3.0,10.0,1.5
11,9,4.0,10.0,1.5
11,9,5.0,10.0,2.1
11,9,6.0,10.0,2.1
11,9,7.0,80.0,2.1
11,9,11.0,340.0,1.5
11,9,16.0,260.0,1.5
11,9,20.0,170.0,2.1
11,9,21.0,260.0,1.5
11,9,22.0,210.0,2.6
11,9,23.0,220.0,2.6
11,10,2.0,300.0,1.5
11,10,3.0,20.0,1.5
11,10,4.0,360.0,1.5
11,10,10.0,30.0,1.5
11,10,22.0,210.0,1.5
11,11,3.0,20.0,1.5
11,11,4.0,40.0,2.1
11,11,5.0,10.0,1.5
11,11,13.0,60.0,1.5
11,11,18.0,190.0,2.1
11,11,20.0,180.0,1.5
11,11,21.0,240.0,2.1
11,11,23.0,200.0,1.5
11,12,3.0,30.0,1.5
11,12,4.0,30.0,1.5
11,12,17.0,230.0,1.5
11,12,18.0,250.0,2.1
11,12,19.0,240.0,1.5
11,12,20.0,240.0,2.1
11,12,21.0,240.0,2.1
11,12,23.0,280.0,2.1
11,13,4.0,330.0,1.5
11,13,6.0,90.0,1.5
11,13,7.0,290.0,1.5
11,13,17.0,230.0,1.5
11,13,18.0,190.0,1.5
11,13,19.0,180.0,1.5
11,13,22.0,270.0,2.6
11,13,23.0,240.0,1.5
11,14,3.0,20.0,1.5
11,14,4.0,20.0,1.5
11,14,19.0,160.0,3.1
11,14,22.0,190.0,2.6
11,14,23.0,260.0,1.5
11,15,3.0,360.0,2.1
11,15,4.0,360.0,3.1
11,15,5.0,10.0,2.1
11,15,7.0,270.0,1.5
11,15,8.0,30.0,1.5
11,15,16.0,50.0,1.5
11,15,18.0,180.0,1.5
11,15,21.0,180.0,2.6
11,15,23.0,300.0,1.5
11,16,1.0,310.0,1.5
11,16,3.0,10.0,2.6
11,16,4.0,50.0,1.5
11,16,5.0,240.0,1.5
11,16,20.0,180.0,2.1
11,16,22.0,250.0,2.1
11,17,3.0,350.0,2.1
11,17,4.0,40.0,2.6
11,17,5.0,20.0,1.5
11,17,16.0,180.0,1.5
11,17,17.0,150.0,2.6
11,17,18.0,130.0,2.1
11,17,19.0,60.0,1.5
11,17,20.0,350.0,1.5
11,17,21.0,80.0,2.6
11,18,7.0,280.0,1.5
11,18,10.0,310.0,1.5
11,18,13.0,30.0,5.7
11,18,14.0,360.0,2.6
11,18,15.0,10.0,4.6
11,18,16.0,30.0,3.1
11,18,17.0,350.0,2.1
11,18,18.0,180.0,2.1
11,18,19.0,340.0,2.1
11,18,21.0,270.0,2.1
11,19,1.0,280.0,2.1
11,19,6.0,290.0,1.5
11,19,7.0,330.0,3.1
11,19,16.0,260.0,2.1
11,19,17.0,260.0,1.5
11,19,20.0,200.0,2.1
11,19,22.0,170.0,1.5
11,19,23.0,170.0,1.5
11,20,2.0,30.0,2.1
11,20,4.0,20.0,1.5
11,20,10.0,290.0,1.5
11,20,14.0,330.0,1.5
11,20,19.0,230.0,1.5
11,20,22.0,220.0,1.5
11,20,23.0,230.0,2.1
11,21,2.0,340.0,1.5
11,21,3.0,20.0,2.1
11,21,4.0,10.0,1.5
11,21,13.0,260.0,1.5
11,21,20.0,300.0,1.5
11,21,22.0,250.0,1.5
11,22,2.0,310.0,1.5
11,22,3.0,340.0,2.1
11,22,4.0,330.0,3.1
11,22,5.0,150.0,3.6
11,22,8.0,30.0,2.6
11,22,9.0,290.0,1.5
11,22,12.0,40.0,1.5
11,22,14.0,280.0,1.5
11,22,19.0,130.0,3.6
11,22,20.0,120.0,3.6
11,22,21.0,130.0,3.1
11,22,22.0,140.0,3.1
11,22,23.0,180.0,2.1
11,23,2.0,360.0,2.1
11,23,3.0,360.0,2.1
11,23,6.0,60.0,2.1
11,23,13.0,290.0,1.5
11,23,18.0,230.0,2.1
11,23,20.0,280.0,1.5
11,23,21.0,220.0,1.5
11,23,23.0,270.0,2.1
11,24,2.0,40.0,2.6
11,24,3.0,360.0,1.5
11,24,8.0,30.0,1.5
11,24,9.0,220.0,1.5
11,24,18.0,190.0,2.1
11,24,20.0,210.0,1.5
11,24,22.0,260.0,2.6
11,24,23.0,180.0,2.1
11,25,3.0,30.0,1.5
11,25,6.0,10.0,1.5
11,25,13.0,40.0,1.5
11,25,16.0,280.0,1.5
11,25,23.0,230.0,1.5
11,26,2.0,30.0,2.1
11,26,3.0,30.0,1.5
11,26,4.0,50.0,2.1
11,26,14.0,50.0,2.1
11,26,19.0,220.0,1.5
11,26,21.0,160.0,1.5
11,26,22.0,240.0,1.5
11,26,23.0,240.0,2.1
11,27,2.0,20.0,1.5
11,27,3.0,40.0,1.5
11,27,10.0,60.0,1.5
11,27,12.0,40.0,2.6
11,27,13.0,360.0,2.6
11,27,17.0,170.0,1.5
11,27,18.0,170.0,3.1
11,27,19.0,160.0,2.6
11,27,20.0,180.0,1.5
11,27,22.0,230.0,1.5
11,28,4.0,240.0,4.1
11,28,5.0,270.0,4.6
11,28,7.0,300.0,2.6
11,28,8.0,220.0,1.5
11,28,10.0,320.0,2.1
11,28,14.0,170.0,1.5
11,28,16.0,300.0,1.5
11,28,17.0,230.0,1.5
11,28,21.0,190.0,1.5
11,28,22.0,220.0,2.1
11,29,2.0,300.0,1.5
11,29,3.0,10.0,2.1
11,29,4.0,250.0,1.5
11,29,6.0,30.0,1.5
11,29,7.0,320.0,2.1
11,29,13.0,50.0,1.5
11,29,14.0,60.0,2.1
11,29,15.0,220.0,1.5
11,29,19.0,340.0,1.5
11,29,20.0,270.0,2.1
11,29,21.0,280.0,2.1
11,29,22.0,290.0,3.1
11,29,23.0,260.0,1.5
11,30,2.0,290.0,1.5
11,30,4.0,300.0,2.1
11,30,5.0,30.0,1.5
11,30,7.0,270.0,1.5
11,30,8.0,240.0,3.1
11,30,9.0,320.0,2.1
11,30,13.0,90.0,1.5
11,30,16.0,260.0,1.5
11,30,17.0,220.0,1.5
11,30,18.0,260.0,1.5
11,30,22.0,270.0,1.5
11,30,23.0,260.0,2.1
12,1,2.0,190.0,3.6
12,1,3.0,280.0,1.5
12,1,5.0,140.0,1.5
12,1,6.0,300.0,1.5
12,1,11.0,50.0,1.5
12,1,19.0,180.0,2.1
12,1,20.0,190.0,3.1
12,1,21.0,200.0,3.1
12,1,22.0,160.0,2.1
12,1,23.0,160.0,2.1
12,2,1.0,100.0,2.1
12,2,2.0,50.0,1.5
12,2,3.0,10.0,2.1
12,2,4.0,30.0,2.1
12,2,5.0,260.0,1.5
12,2,11.0,220.0,2.1
12,2,12.0,350.0,1.5
12,2,13.0,20.0,2.1
12,2,14.0,220.0,3.6
12,2,15.0,50.0,3.6
12,2,16.0,30.0,3.1
12,2,17.0,190.0,3.6
12,2,18.0,350.0,1.5
12,2,20.0,290.0,1.5
12,2,23.0,240.0,2.1
12,3,2.0,20.0,2.1
12,3,3.0,360.0,2.1
12,3,7.0,50.0,1.5
12,3,8.0,30.0,1.5
12,3,14.0,40.0,1.5
12,3,19.0,160.0,3.6
12,3,20.0,170.0,3.1
12,3,21.0,160.0,2.6
12,3,22.0,160.0,2.6
12,3,23.0,200.0,2.1
12,4,6.0,50.0,2.1
12,4,7.0,40.0,2.1
12,4,17.0,220.0,1.5
12,4,19.0,190.0,2.6
12,4,20.0,150.0,3.1
12,4,21.0,200.0,2.6
12,4,22.0,210.0,2.6
12,4,23.0,240.0,3.6
12,5,1.0,290.0,1.5
12,5,2.0,320.0,1.5
12,5,3.0,350.0,1.5
12,5,5.0,280.0,1.5
12,5,6.0,330.0,1.5
12,5,8.0,290.0,1.5
12,5,14.0,290.0,1.5
12,5,17.0,50.0,4.6
12,5,18.0,60.0,5.1
12,5,19.0,80.0,3.6
12,5,20.0,50.0,4.6
12,5,21.0,220.0,2.6
12,5,22.0,250.0,2.1
12,5,23.0,230.0,2.6
12,6,1.0,320.0,1.5
12,6,4.0,190.0,1.5
12,6,5.0,250.0,1.5
12,6,8.0,350.0,2.6
12,6,9.0,60.0,3.6
12,6,10.0,230.0,2.1
12,6,14.0,260.0,1.5
12,6,15.0,30.0,2.1
12,6,18.0,200.0,3.1
12,6,19.0,160.0,2.1
12,6,22.0,270.0,1.5
12,7,1.0,50.0,5.7
12,7,2.0,30.0,3.6
12,7,3.0,60.0,5.1
12,7,4.0,270.0,2.6
12,7,5.0,330.0,3.1
12,7,6.0,40.0,6.2
12,7,7.0,20.0,3.6
12,7,8.0,30.0,3.6
12,7,9.0,20.0,6.7
12,7,10.0,340.0,3.1
12,7,11.0,30.0,3.6
12,7,12.0,40.0,4.1
12,7,13.0,340.0,3.1
12,7,14.0,340.0,2.1
12,7,15.0,10.0,3.6
12,7,16.0,80.0,4.1
12,7,17.0,50.0,3.6
12,7,18.0,40.0,6.2
12,7,21.0,40.0,4.6
12,7,22.0,120.0,1.5
12,7,23.0,10.0,5.7
12,8,1.0,20.0,3.1
12,8,2.0,40.0,4.6
12,8,3.0,50.0,3.1
12,8,4.0,30.0,2.1
12,8,5.0,220.0,1.5
12,8,6.0,320.0,1.5
12,8,7.0,20.0,1.5
12,8,9.0,40.0,2.6
12,8,10.0,310.0,1.5
12,8,17.0,160.0,2.6
12,8,18.0,170.0,2.6
12,8,21.0,130.0,2.1
12,8,23.0,190.0,2.6
12,9,1.0,50.0,2.1
12,9,2.0,340.0,1.5
12,9,3.0,20.0,2.1
12,9,4.0,350.0,1.5
12,9,10.0,170.0,1.5
12,9,17.0,270.0,1.5
12,9,21.0,100.0,3.6
12,9,22.0,90.0,4.1
12,9,23.0,110.0,5.1
12,10,1.0,70.0,3.6
12,10,2.0,70.0,4.1
12,10,3.0,60.0,4.1
12,10,4.0,130.0,2.1
12,10,5.0,30.0,2.6
12,10,6.0,360.0,3.1
12,10,7.0,70.0,3.6
12,10,8.0,80.0,4.6
12,10,16.0,50.0,1.5
12,10,19.0,80.0,4.1
12,10,20.0,80.0,6.2
12,10,21.0,80.0,6.7
12,10,22.0,100.0,5.1
12,10,23.0,100.0,4.1
12,11,1.0,90.0,2.6
12,11,3.0,90.0,3.6
12,11,4.0,70.0,3.6
12,11,5.0,50.0,3.1
12,11,6.0,50.0,4.6
12,11,7.0,60.0,4.6
12,11,8.0,280.0,1.5
12,11,10.0,80.0,1.5
12,11,11.0,70.0,1.5
12,11,12.0,280.0,1.5
12,11,13.0,280.0,1.5
12,11,14.0,260.0,1.5
12,11,17.0,250.0,2.1
12,11,18.0,220.0,2.1
12,11,20.0,110.0,4.1
12,11,21.0,190.0,2.1
12,11,22.0,180.0,1.5
12,12,2.0,350.0,1.5
12,12,6.0,30.0,1.5
12,12,11.0,20.0,1.5
12,12,19.0,60.0,2.6
12,12,20.0,110.0,3.6
12,12,21.0,110.0,4.6
12,12,22.0,100.0,3.6
12,12,23.0,120.0,3.6
12,13,1.0,100.0,3.6
12,13,4.0,30.0,2.1
12,13,6.0,30.0,3.1
12,13,16.0,280.0,1.5
12,13,17.0,280.0,2.1
12,13,22.0,210.0,1.5
12,14,1.0,300.0,1.5
12,14,2.0,30.0,2.1
12,14,3.0,10.0,2.1
12,14,4.0,330.0,1.5
12,14,5.0,20.0,2.1
12,14,6.0,320.0,1.5
12,14,10.0,230.0,1.5
12,14,16.0,290.0,1.5
12,14,18.0,240.0,1.5
12,14,20.0,210.0,2.6
12,14,22.0,220.0,4.1
12,15,1.0,30.0,3.6
12,15,2.0,20.0,2.1
12,15,3.0,40.0,4.1
12,15,4.0,20.0,5.7
12,15,5.0,20.0,3.1
12,15,6.0,30.0,9.3
12,15,7.0,30.0,4.6
12,15,10.0,10.0,3.6
12,15,11.0,360.0,4.6
12,15,12.0,20.0,2.6
12,15,13.0,80.0,2.6
12,15,14.0,260.0,1.5
12,15,18.0,70.0,3.1
12,15,19.0,90.0,2.1
12,15,21.0,110.0,2.1
12,15,23.0,200.0,1.5
12,16,4.0,50.0,2.6
12,16,7.0,270.0,2.1
12,16,15.0,260.0,1.5
12,16,20.0,120.0,3.6
12,16,21.0,130.0,2.6
12,16,22.0,160.0,2.6
12,16,23.0,160.0,2.6
12,17,1.0,40.0,1.5
12,17,2.0,30.0,1.5
12,17,3.0,30.0,1.5
12,17,8.0,30.0,1.5
12,17,12.0,120.0,3.1
12,17,13.0,50.0,4.6
12,17,14.0,30.0,8.2
12,17,15.0,50.0,6.7
12,17,16.0,230.0,3.1
12,17,17.0,250.0,2.1
12,17,18.0,130.0,4.1
12,17,19.0,130.0,3.6
12,17,20.0,120.0,3.1
12,17,21.0,100.0,3.6
12,17,23.0,200.0,1.5
12,18,1.0,80.0,1.5
12,18,2.0,50.0,2.1
12,18,3.0,310.0,1.5
12,18,5.0,310.0,1.5
12,18,7.0,200.0,2.1
12,18,8.0,340.0,1.5
12,18,10.0,280.0,1.5
12,18,11.0,10.0,1.5
12,18,12.0,290.0,1.5
12,18,22.0,200.0,2.6
12,19,4.0,30.0,1.5
12,19,5.0,30.0,1.5
12,19,10.0,50.0,1.5
12,19,11.0,280.0,2.1
12,19,20.0,150.0,1.5
12,20,3.0,40.0,1.5
12,20,4.0,30.0,1.5
12,20,5.0,30.0,1.5
12,20,6.0,20.0,1.5
12,20,13.0,230.0,1.5
12,20,14.0,40.0,1.5
12,20,18.0,190.0,1.5
12,20,19.0,160.0,2.1
12,20,20.0,110.0,1.5
12,20,21.0,110.0,2.6
12,20,22.0,140.0,2.1
12,20,23.0,160.0,1.5
12,21,1.0,130.0,1.5
12,21,2.0,110.0,1.5
12,21,6.0,160.0,1.5
12,21,8.0,40.0,1.5
12,21,10.0,260.0,4.1
12,21,11.0,230.0,2.6
12,21,12.0,260.0,2.1
12,21,13.0,230.0,3.1
12,21,14.0,220.0,2.6
12,21,15.0,230.0,2.6
12,21,16.0,260.0,3.6
12,21,17.0,270.0,5.1
12,21,18.0,270.0,5.7
12,21,19.0,240.0,4.1
12,21,20.0,250.0,4.6
12,21,21.0,270.0,4.1
12,21,22.0,260.0,4.6
12,21,23.0,250.0,4.6
12,22,1.0,340.0,2.1
12,22,2.0,330.0,2.6
12,22,3.0,350.0,2.1
12,22,4.0,340.0,2.6
12,22,5.0,330.0,2.6
12,22,6.0,280.0,2.1
12,22,7.0,270.0,1.5
12,22,8.0,320.0,2.6
12,22,9.0,120.0,1.5
12,22,22.0,260.0,2.1
12,23,2.0,300.0,1.5
12,23,3.0,10.0,2.1
12,23,22.0,250.0,2.1
12,23,23.0,280.0,2.1
12,24,10.0,50.0,1.5
12,24,18.0,260.0,1.5
12,24,20.0,280.0,1.5
12,24,23.0,230.0,1.5
12,25,2.0,340.0,1.5
12,25,3.0,30.0,2.6
12,25,19.0,190.0,1.5
12,25,21.0,150.0,1.5
12,26,3.0,10.0,1.5
12,26,11.0,50.0,1.5
12,26,12.0,40.0,1.5
12,26,14.0,50.0,1.5
12,26,18.0,220.0,1.5
12,26,19.0,240.0,1.5
12,26,20.0,270.0,2.1
12,26,22.0,200.0,2.1
12,27,2.0,310.0,1.5
12,27,14.0,160.0,2.1
12,27,19.0,250.0,1.5
12,28,1.0,300.0,1.5
12,28,3.0,360.0,1.5
12,28,18.0,270.0,1.5
12,28,19.0,280.0,1.5
12,28,22.0,300.0,2.1
12,28,23.0,270.0,1.5
12,29,2.0,360.0,1.5
12,29,3.0,360.0,2.1
12,29,7.0,40.0,2.1
12,29,13.0,40.0,1.5
12,29,20.0,280.0,1.5
12,30,2.0,10.0,1.5
12,30,4.0,270.0,2.1
12,30,6.0,40.0,1.5
12,30,7.0,40.0,1.5
12,30,9.0,50.0,2.1
12,30,14.0,40.0,1.5
12,30,20.0,210.0,2.1
12,30,22.0,160.0,1.5
12,31,2.0,40.0,1.5
12,31,4.0,20.0,1.5
12,31,7.0,60.0,1.5
12,31,8.0,240.0,1.5
12,31,11.0,40.0,2.1
12,31,23.0,210.0,1.5
